"08001,A CORUÑA,43.366944,-8.419167,1296604200000,1296604800000,ALT=58.0,VV10m=1.1,QVV10m=0,
DV10m=78,QDV10m=0,RVIENTO=7.0,QRVIENTO=0,VMAX10m=1.4,QVMAX10m=0,DMAX10m=83,QDMAX10m=0,
TA=6.6,QTA=0,HR=80,QHR=0,PREC=0.0,QPREC=0,PRES=1027.2,QPRES=0,TPR=3.4,QTPR=0,PRES_nmar=1035.6,QPRES_nmar=0"
08002,A CORUÑA/ALVEDRO,43.306944,-8.3725,1296604200000,1296604800000,ALT=98.0,VV10m=1.1,QVV10m=0,DV10m=200,QDV10m=0,RVIENTO=6.0,QRVIENTO=0,VMAX10m=1.5,QVMAX10m=0,DMAX10m=190,QDMAX10m=0,TA=2.5,QTA=0,HR=90,QHR=0,PREC=0.0,QPREC=0,PRES=1022.2,QPRES=0,RAGLOB=6.0,QRAGLOB=0,TPR=1.1,QTPR=0,PRES_nmar=1035.3,QPRES_nmar=0
"08004,ESTACA DE BARES,43.787222,-7.683333,1296604200000,1296604800000,ALT=80.0,TA=7.1,QTA=0,TAMAX10m=7.1,QTAMAX10m=0,
TAMIN10m=7.0,QTAMIN10m=0,PREC=0.0,QPREC=0,HR=70,QHR=0,VV10m=3.0,QVV10m=0,DV10m=101,QDV10m=0,
VMAX10m=4.2,QVMAX10m=0,DMAX10m=94,QDMAX10m=0,PRES=1023.4,QPRES=0,TSS5cm=8.5,QTSS5cm=0,TS=12.0,QTS=0,
INSO=0.0,QINSO=0,VIS=11.8,QVIS=0,TPRE=0,QTPRE=0,PLIQTP=0.0,QPLIQTP=0,PSOLTP=0.0,QPSOLTP=0,BAT=14.3,QBAT=0,TPR=2.1,QTPR=0,PRES_nmar=1035.9,QPRES_nmar=0"
08005,FERROL-LA GRAÑA,43.4761,-8.2606,1296604200000,1296604800000,ALT=4.0,VV10m=0.0,QVV10m=0,DV10m=0,QDV10m=0,RVIENTO=0.0,QRVIENTO=0,VMAX10m=0.0,QVMAX10m=2,DMAX10m=0,QDMAX10m=2,TA=4.0,QTA=0,HR=85,QHR=0,PREC=0.0,QPREC=0,PRES=1034.9,QPRES=0,TPR=1.7,QTPR=0,PRES_nmar=1036.0,QPRES_nmar=0
08006,CABO VILAN,43.161667,-9.209167,1296604200000,1296604800000,ALT=50.0,VV10m=6.1,QVV10m=0,DV10m=65,QDV10m=0,RVIENTO=34.0,QRVIENTO=0,VMAX10m=8.6,QVMAX10m=0,DMAX10m=56,QDMAX10m=0,TA=7.2,QTA=0,HR=68,QHR=0,PREC=0.0,QPREC=0,TPR=1.7,QTPR=0
08008,LUGO/ROZAS,43.11605,-7.456303,1296604200000,1296604800000,ALT=445.0,VV10m=1.6,QVV10m=0,DV10m=115,QDV10m=0,RVIENTO=10.0,QRVIENTO=0,VMAX10m=1.7,QVMAX10m=0,DMAX10m=101,QDMAX10m=0,TA=-1.6,QTA=0,HR=94,QHR=0,PREC=0.0,QPREC=0,PRES=980.5,QPRES=0,TPR=-2.5,QTPR=0,PRES_nmar=1036.7,QPRES_nmar=0
08009,FIGUERAS DE CASTROPOL,43.538287,-7.020239,1296604200000,1296604800000,ALT=25.0,VV10m=1.2,QVV10m=0,DV10m=158,QDV10m=0,RVIENTO=7.0,QRVIENTO=0,VMAX10m=1.8,QVMAX10m=0,DMAX10m=198,QDMAX10m=0,TA=3.1,QTA=0,HR=91,QHR=0,PREC=0.0,QPREC=0,TPR=1.7,QTPR=0
08011,ASTURIAS/AVILÉS,43.5675,-6.044167,1296604200000,1296604800000,ALT=127.0,VV10m=2.9,QVV10m=0,DV10m=230,QDV10m=0,RVIENTO=17.0,QRVIENTO=0,VMAX10m=4.6,QVMAX10m=0,DMAX10m=220,QDMAX10m=0,TA=3.9,QTA=0,HR=79,QHR=0,PREC=0.0,QPREC=0,PRES=1019.4,QPRES=0,TPR=0.6,QTPR=0,PRES_nmar=1035.8,QPRES_nmar=0
08012,CABO PEÑAS,43.656349,-5.849336,1296604200000,1296604800000,ALT=100.0,VV10m=2.1,QVV10m=0,DV10m=230,QDV10m=0,RVIENTO=12.0,QRVIENTO=0,VMAX10m=2.4,QVMAX10m=0,DMAX10m=226,QDMAX10m=0,TA=6.6,QTA=0,HR=66,QHR=0,PREC=0.0,QPREC=0,TPR=0.6,QTPR=0
08014,GIJÓN MUSEL,43.561389,-5.698611,1296604200000,1296604800000,ALT=5.0,VV10m=2.9,QVV10m=0,DV10m=224,QDV10m=0,RVIENTO=16.0,QRVIENTO=0,VMAX10m=4.4,QVMAX10m=0,DMAX10m=236,QDMAX10m=0,TA=6.6,QTA=0,HR=75,QHR=0,PREC=0.0,QPREC=0,TPR=2.5,QTPR=0
08015,OVIEDO,43.355315,-5.872884,1296604200000,1296604800000,ALT=336.0,VV10m=1.3,QVV10m=0,DV10m=158,QDV10m=0,RVIENTO=8.0,QRVIENTO=0,VMAX10m=2.0,QVMAX10m=0,DMAX10m=163,QDMAX10m=0,TA=3.2,QTA=0,HR=76,QHR=0,PREC=0.0,QPREC=0,PRES=994.1,QPRES=0,TPR=-0.7,QTPR=0,PRES_nmar=1036.4,QPRES_nmar=0
08016,LLANES,43.419167,-4.749167,1296604200000,1296604800000,ALT=10.0,TA=6.7,QTA=0,TAMAX10m=6.8,QTAMAX10m=0,TAMIN10m=6.7,QTAMIN10m=0,PREC=0.0,QPREC=0,HR=70,QHR=0,VV10m=1.6,QVV10m=0,DV10m=250,QDV10m=0,VMAX10m=3.3,QVMAX10m=0,DMAX10m=251,QDMAX10m=0,PRES=1033.2,QPRES=0,TSS5cm=7.5,QTSS5cm=0,TS=6.0,QTS=0,INSO=0.0,QINSO=0,VIS=20.0,QVIS=0,TPRE=0,QTPRE=0,PLIQTP=0.0,QPLIQTP=0,PSOLTP=0.0,QPSOLTP=0,BAT=14.1,QBAT=0,TPR=1.7,QTPR=0,PRES_nmar=1034.5,QPRES_nmar=0
08017,SAN VICENTE FARO,43.395301,-4.390689,1296604200000,1296604800000,ALT=39.0,VV10m=0.9,QVV10m=0,DV10m=232,QDV10m=0,RVIENTO=6.0,QRVIENTO=0,VMAX10m=3.5,QVMAX10m=0,DMAX10m=247,QDMAX10m=0,TA=6.9,QTA=0,HR=75,QHR=0,PREC=0.0,QPREC=0,TPR=2.9,QTPR=0
08020,ONTON,43.356343,-3.174182,1296604200000,1296604800000,ALT=80.0,VV10m=1.8,QVV10m=0,DV10m=11,QDV10m=0,RVIENTO=13.0,QRVIENTO=0,VMAX10m=5.0,QVMAX10m=0,DMAX10m=13,QDMAX10m=0,TA=8.6,QTA=0,HR=65,QHR=0,PREC=0.0,QPREC=0,TPR=2.5,QTPR=0
08021,SANTANDER/PARAYAS,43.4299,-3.8315,1296604200000,1296604800000,ALT=5.0,VV10m=2.8,QVV10m=0,DV10m=310,QDV10m=0,RVIENTO=16.0,QRVIENTO=0,VMAX10m=5.1,QVMAX10m=0,DMAX10m=290,QDMAX10m=0,TA=9.0,QTA=0,HR=59,QHR=0,PREC=0.0,QPREC=0,PRES=1034.5,QPRES=0,TPR=1.5,QTPR=0,PRES_nmar=1034.6,QPRES_nmar=0
08022,MACHICHACO FARO,43.454678,-2.751646,1296604200000,1296604800000,ALT=93.0,VV10m=1.4,QVV10m=0,DV10m=25,QDV10m=0,RVIENTO=10.0,QRVIENTO=0,VMAX10m=4.7,QVMAX10m=0,DMAX10m=35,QDMAX10m=0,PREC=0.0,QPREC=0
08023,SANTANDER CMT,43.492562,-3.799796,1296604200000,1296604800000,ALT=52.0,VV10m=5.6,QVV10m=0,DV10m=338,QDV10m=0,RVIENTO=34.0,QRVIENTO=0,VMAX10m=7.3,QVMAX10m=0,DMAX10m=330,QDMAX10m=0,TA=9.5,QTA=0,HR=60,QHR=0,PREC=0.0,QPREC=0,PRES=1027.4,QPRES=0,TPR=2.1,QTPR=0,PRES_nmar=1034.7,QPRES_nmar=0
08024,LEKEITIO FARO,43.377734,-2.511081,1296604200000,1296604800000,ALT=12.0,VV10m=2.8,QVV10m=0,DV10m=18,QDV10m=0,RVIENTO=16.0,QRVIENTO=0,VMAX10m=5.6,QVMAX10m=0,DMAX10m=21,QDMAX10m=0,TA=7.3,QTA=0,HR=85,QHR=0,PREC=0.0,QPREC=0,PRES=1028.2,QPRES=0,TPR=5.0,QTPR=0,PRES_nmar=1029.7,QPRES_nmar=0
08026,ZUMAYA FARO,43.302139,-2.251035,1296604200000,1296604800000,ALT=28.0,VV10m=3.6,QVV10m=0,DV10m=48,QDV10m=0,RVIENTO=21.0,QRVIENTO=0,VMAX10m=7.4,QVMAX10m=0,DMAX10m=40,QDMAX10m=0,TA=7.0,QTA=0,HR=90,QHR=0,PREC=0.0,QPREC=0,TPR=5.5,QTPR=0
08029,SAN SEBASTIÁN/FUENTERRABIA,43.361389,-1.786944,1296604200000,1296604800000,ALT=4.0,VV10m=2.8,QVV10m=0,DV10m=20,QDV10m=0,RVIENTO=16.0,QRVIENTO=0,VMAX10m=5.1,QVMAX10m=0,DMAX10m=20,QDMAX10m=0,TA=6.5,QTA=0,HR=61,QHR=0,PREC=0.0,QPREC=0,PRES=1033.2,QPRES=0,RAGLOB=0.0,QRAGLOB=0,TPR=-0.5,QTPR=0,PRES_nmar=1034.2,QPRES_nmar=0
08031,PAJARES - VALGRANDE,42.977708,-5.778228,1296604200000,1296604800000,ALT=1480.0,VV10m=0.0,QVV10m=0,DV10m=0,QDV10m=0,RVIENTO=0.0,QRVIENTO=0,VMAX10m=0.0,QVMAX10m=2,DMAX10m=0,QDMAX10m=2,TA=-6.8,QTA=0,HR=91,QHR=0,PREC=0.0,QPREC=0,TPR=-8.2,QTPR=0
08032,NESTARES,42.994444,-4.159444,1296604200000,1296604800000,ALT=875.0,VV10m=4.0,QVV10m=0,DV10m=312,QDV10m=0,RVIENTO=20.0,QRVIENTO=0,VMAX10m=6.0,QVMAX10m=0,DMAX10m=325,QDMAX10m=0,TA=1.0,QTA=0,HR=81,QHR=0,PREC=0.0,QPREC=0,PRES=928.2,QPRES=0,TPR=-2.0,QTPR=0,GEO925=902.8,QGEO925=0
08033,POLIENTES-CASYC,42.805,-3.92,1296604200000,1296604800000,ALT=720.0,VV10m=0.9,QVV10m=0,DV10m=45,QDV10m=0,RVIENTO=6.0,QRVIENTO=0,VMAX10m=2.8,QVMAX10m=0,DMAX10m=33,QDMAX10m=0,TA=2.7,QTA=0,HR=74,QHR=0,PREC=0.0,QPREC=0,TPR=-1.4,QTPR=0
08035,GÜEÑES,43.202778,-3.101944,1296604200000,1296604800000,ALT=208.0,VV10m=1.7,QVV10m=0,DV10m=18,QDV10m=0,RVIENTO=11.0,QRVIENTO=0,VMAX10m=4.4,QVMAX10m=0,DMAX10m=4,QDMAX10m=0,TA=6.7,QTA=0,HR=66,QHR=0,PREC=0.0,QPREC=0,PRES=1007.7,QPRES=0,TPR=0.9,QTPR=0,PRES_nmar=1033.5,QPRES_nmar=0
08036,ELGOIBAR IBERDROLA,43.208889,-2.413611,1296604200000,1296604800000,ALT=120.0,VV10m=1.0,QVV10m=0,DV10m=91,QDV10m=0,RVIENTO=7.0,QRVIENTO=0,VMAX10m=2.7,QVMAX10m=0,DMAX10m=83,QDMAX10m=0,TA=5.9,QTA=0,HR=75,QHR=0,PREC=0.0,QPREC=0,PRES=1018.0,QPRES=0,TPR=1.9,QTPR=0,PRES_nmar=1033.0,QPRES_nmar=0
08037,ZUMARRAGA-URZABALETA,43.08,-2.317778,1296604200000,1296604800000,ALT=420.0,VV10m=1.9,QVV10m=0,DV10m=299,QDV10m=0,RVIENTO=12.0,QRVIENTO=0,VMAX10m=4.1,QVMAX10m=0,DMAX10m=326,QDMAX10m=0,TA=2.5,QTA=0,HR=74,QHR=0,PREC=0.0,QPREC=0,PRES=981.2,QPRES=0,TPR=-1.7,QTPR=0,PRES_nmar=1033.3,QPRES_nmar=0
08039,PADRÓN,42.739444,-8.6275,1296604200000,1296604800000,ALT=100.0,VV10m=4.2,QVV10m=0,DV10m=84,QDV10m=0,RVIENTO=24.0,QRVIENTO=0,VMAX10m=6.6,QVMAX10m=0,DMAX10m=60,QDMAX10m=0,TA=3.8,QTA=0,HR=83,QHR=0,PREC=0.0,QPREC=0,TPR=1.3,QTPR=0
08040,FISTERRA,42.926389,-9.289444,1296604200000,1296604800000,ALT=230.0,TA=5.8,QTA=0,TAMAX10m=5.9,QTAMAX10m=0,TAMIN10m=5.8,QTAMIN10m=0,PREC=0.0,QPREC=0,HR=75,QHR=0,VV10m=8.2,QVV10m=0,DV10m=66,QDV10m=0,VMAX10m=11.5,QVMAX10m=0,DMAX10m=68,QDMAX10m=0,PRES=1005.1,QPRES=0,TSS5cm=7.9,QTSS5cm=0,TS=4.5,QTS=0,INSO=0.0,QINSO=0,VIS=16.3,QVIS=0,TPRE=0,QTPRE=0,PLIQTP=0.0,QPLIQTP=0,PSOLTP=0.0,QPSOLTP=0,BAT=14.2,QBAT=0,TPR=1.7,QTPR=0,PRES_nmar=1033.7,QPRES_nmar=0
08041,SANTIAGO DE COMPOSTELA,42.875278,-8.550278,1296604200000,1296604800000,ALT=240.0,VV10m=0.9,QVV10m=0,DV10m=34,QDV10m=0,RVIENTO=6.0,QRVIENTO=0,VMAX10m=2.9,QVMAX10m=0,DMAX10m=41,QDMAX10m=0,TA=3.5,QTA=0,HR=80,QHR=0,PREC=0.0,QPREC=0,TPR=0.4,QTPR=0
08042,SANTIAGO DE COMPOSTELA/LABACOLLA,42.887778,-8.410556,1296604200000,1296604800000,ALT=370.0,VV10m=1.2,QVV10m=0,DV10m=90,QDV10m=0,RVIENTO=7.0,QRVIENTO=0,VMAX10m=3.6,QVMAX10m=0,DMAX10m=80,QDMAX10m=0,TA=2.3,QTA=0,HR=90,QHR=0,PREC=0.0,QPREC=0,PRES=989.0,QPRES=0,RAGLOB=6.0,QRAGLOB=0,TPR=0.9,QTPR=0,PRES_nmar=1034.7,QPRES_nmar=0
08044,PONTEVEDRA,42.44,-8.616389,1296604200000,1296604800000,ALT=108.0,VV10m=1.0,QVV10m=0,DV10m=333,QDV10m=0,RVIENTO=6.0,QRVIENTO=0,VMAX10m=1.5,QVMAX10m=0,DMAX10m=275,QDMAX10m=0,TA=5.5,QTA=0,HR=65,QHR=0,PREC=0.0,QPREC=0,PRES=1018.2,QPRES=0,TPR=-0.5,QTPR=0,PRES_nmar=1031.7,QPRES_nmar=0
08045,VIGO/PEINADOR,42.24,-8.623889,1296604200000,1296604800000,ALT=261.0,VV10m=2.0,QVV10m=0,DV10m=210,QDV10m=0,RVIENTO=12.0,QRVIENTO=0,VMAX10m=3.6,QVMAX10m=0,DMAX10m=220,QDMAX10m=0,TA=4.8,QTA=0,HR=69,QHR=0,PREC=0.0,QPREC=0,PRES=1000.9,QPRES=0,RAGLOB=0.0,QRAGLOB=0,TPR=-0.5,QTPR=0,PRES_nmar=1033.0,QPRES_nmar=0
08047,CARBALLINO,42.42,-8.086944,1296604200000,1296604800000,ALT=400.0,VV10m=0.0,QVV10m=0,DV10m=0,QDV10m=0,RVIENTO=0.0,QRVIENTO=0,VMAX10m=0.1,QVMAX10m=0,DMAX10m=114,QDMAX10m=0,TA=-1.3,QTA=0,HR=84,QHR=0,PREC=0.0,QPREC=0,TPR=-3.6,QTPR=0
08048,OURENSE,42.327778,-7.860278,1296604200000,1296604800000,ALT=143.0,VV10m=1.2,QVV10m=0,DV10m=239,QDV10m=0,RVIENTO=7.0,QRVIENTO=0,VMAX10m=1.7,QVMAX10m=0,DMAX10m=230,QDMAX10m=0,TA=2.3,QTA=0,HR=77,QHR=0,PREC=0.0,QPREC=0,PRES=1015.3,QPRES=0,TPR=-1.2,QTPR=0,PRES_nmar=1033.9,QPRES_nmar=0
08050,XINZO DE LIMIA,42.061111,-7.724167,1296604200000,1296604800000,ALT=600.0,VV10m=1.4,QVV10m=0,DV10m=248,QDV10m=0,RVIENTO=8.0,QRVIENTO=0,VMAX10m=2.2,QVMAX10m=0,DMAX10m=257,QDMAX10m=0,TA=0.4,QTA=0,HR=94,QHR=0,PREC=0.0,QPREC=0,TPR=-0.5,QTPR=0
08051,POBRA DE TRIVES SAN MAMEDE,42.340556,-7.280556,1296604200000,1296604800000,ALT=840.0,TA=-1.8,QTA=0,TAMAX10m=-1.4,QTAMAX10m=0,TAMIN10m=-1.8,QTAMIN10m=0,PREC=0.0,QPREC=0,HR=87,QHR=0,VV10m=1.0,QVV10m=0,DV10m=298,QDV10m=0,VMAX10m=2.1,QVMAX10m=0,DMAX10m=298,QDMAX10m=0,PRES=933.3,QPRES=0,TSS5cm=1.7,QTSS5cm=0,TS=-2.8,QTS=0,INSO=0.0,QINSO=0,VIS=12.4,QVIS=0,TPRE=0,QTPRE=0,PLIQTP=0.0,QPLIQTP=0,PSOLTP=0.0,QPSOLTP=0,BAT=14.1,QBAT=0,TPR=-3.6,QTPR=0,GEO925=911.1,QGEO925=0
08052,PUERTO DE LEITARIEGOS,42.996944,-6.418333,1296604200000,1296604800000,ALT=1550.0,TA=-0.9,QTA=0,TAMAX10m=-0.9,QTAMAX10m=0,TAMIN10m=-1.0,QTAMIN10m=0,PREC=0.0,QPREC=0,HR=21,QHR=0,VV10m=5.0,QVV10m=2,DV10m=314,QDV10m=2,VMAX10m=7.6,QVMAX10m=2,DMAX10m=333,QDMAX10m=2,PRES=857.7,QPRES=0,TSS5cm=0.0,QTSS5cm=0,TS=-0.3,QTS=2,INSO=0.0,QINSO=0,VIS=20.0,QVIS=0,TPRE=0,QTPRE=0,PLIQTP=0.0,QPLIQTP=0,PSOLTP=0.0,QPSOLTP=0,BAT=13.8,QBAT=0,TPR=-20.6,QTPR=0,GEO850=1622.0,QGEO850=0
08053,PONFERRADA,42.5646,-6.6002,1296604200000,1296604800000,ALT=534.0,VV10m=0.0,QVV10m=0,DV10m=0,QDV10m=0,RVIENTO=0.0,QRVIENTO=0,VMAX10m=0.0,QVMAX10m=0,DMAX10m=0,QDMAX10m=0,TA=-1.8,QTA=0,HR=95,QHR=0,PREC=0.0,QPREC=0,TPR=-2.5,QTPR=0
08054,ALMAZCARA,42.594444,-6.501944,1296604200000,1296604800000,ALT=584.0,VV10m=0.0,QVV10m=0,DV10m=0,QDV10m=0,RVIENTO=0.0,QRVIENTO=0,VMAX10m=0.2,QVMAX10m=0,DMAX10m=297,QDMAX10m=0,TA=-5.4,QTA=0,HR=98,QHR=0,PREC=0.0,QPREC=0,TPR=-5.7,QTPR=0
08055,LEÓN/VIRGEN DEL CAMINO,42.588889,-5.649444,1296604200000,1296604800000,ALT=916.0,VV10m=1.5,QVV10m=0,DV10m=248,QDV10m=0,RVIENTO=9.0,QRVIENTO=0,VMAX10m=2.7,QVMAX10m=3,DMAX10m=250,QDMAX10m=0,TA=-2.9,QTA=0,HR=59,QHR=0,PREC=0.0,QPREC=0,PRES=924.3,QPRES=0,TPR=-9.9,QTPR=0,GEO925=908.0,QGEO925=0
08058,CERVERA DE PISUERGA,42.872481,-4.518744,1296604200000,1296604800000,ALT=1140.0,TA=-2.1,QTA=0,TAMAX10m=-2.1,QTAMAX10m=0,TAMIN10m=-2.1,QTAMIN10m=0,PREC=0.0,QPREC=0,HR=77,QHR=0,VV10m=1.4,QVV10m=0,DV10m=355,QDV10m=0,VMAX10m=3.4,QVMAX10m=0,DMAX10m=3,QDMAX10m=0,PRES=897.8,QPRES=0,TSS5cm=2.2,QTSS5cm=0,TS=-2.2,QTS=0,INSO=0.0,QINSO=0,VIS=20.0,QVIS=0,TPRE=0,QTPRE=0,PLIQTP=0.0,QPLIQTP=0,PSOLTP=0.0,QPSOLTP=0,BAT=13.8,QBAT=0,TPR=-5.7,QTPR=0,GEO850=1577.1,QGEO850=0
08059,PUNTA GALEA ,43.375556,-3.019167,1296604200000,1296604800000,ALT=90.0,VV10m=3.6,QVV10m=0,DV10m=21,QDV10m=0,RVIENTO=22.0,QRVIENTO=0,VMAX10m=7.7,QVMAX10m=0,DMAX10m=42,QDMAX10m=0,TA=7.8,QTA=0,HR=72,QHR=0,PREC=0.0,QPREC=0,PRES=1024.3,QPRES=0,TPR=3.0,QTPR=0,PRES_nmar=1035.5,QPRES_nmar=0
08063,MEDINA DE POMAR,42.921111,-3.480833,1296604200000,1296604800000,ALT=580.0,TA=3.4,QTA=0,TAMAX10m=3.5,QTAMAX10m=0,TAMIN10m=3.4,QTAMIN10m=0,PREC=0.0,QPREC=0,HR=76,QHR=0,VV10m=3.1,QVV10m=0,DV10m=27,QDV10m=0,VMAX10m=4.5,QVMAX10m=0,DMAX10m=28,QDMAX10m=0,PRES=963.5,QPRES=0,TSS5cm=4.6,QTSS5cm=0,TS=4.9,QTS=0,INSO=0.0,QINSO=0,VIS=20.0,QVIS=0,TPRE=0,QTPRE=0,PLIQTP=0.0,QPLIQTP=0,PSOLTP=0.0,QPSOLTP=0,BAT=14.1,QBAT=0,TPR=-0.5,QTPR=0,PRES_nmar=1034.4,QPRES_nmar=0
08068,CARRIÓN DE LOS CONDES,42.352814,-4.61613,1296604200000,1296604800000,ALT=830.0,TA=-1.6,QTA=0,TAMAX10m=-1.4,QTAMAX10m=0,TAMIN10m=-1.6,QTAMIN10m=0,PREC=0.0,QPREC=0,HR=85,QHR=0,VV10m=1.4,QVV10m=0,DV10m=337,QDV10m=0,VMAX10m=1.9,QVMAX10m=0,DMAX10m=330,QDMAX10m=0,PRES=934.6,QPRES=0,TSS5cm=4.5,QTSS5cm=0,TS=-2.6,QTS=0,INSO=0.0,QINSO=0,VIS=20.0,QVIS=0,TPRE=0,QTPRE=0,PLIQTP=0.0,QPLIQTP=0,PSOLTP=0.0,QPSOLTP=0,BAT=14.2,QBAT=0,TPR=-3.9,QTPR=0,GEO925=912.3,QGEO925=0
08072,PALENCIA-AUTILLA PINO,41.996944,-4.601389,1296604200000,1296604800000,ALT=874.0,VV10m=4.4,QVV10m=0,DV10m=7,QDV10m=0,RVIENTO=24.0,QRVIENTO=0,VMAX10m=5.0,QVMAX10m=0,DMAX10m=8,QDMAX10m=0,TA=-0.9,QTA=0,HR=89,QHR=0,PREC=0.0,QPREC=0,TPR=-2.5,QTPR=0
08077,BELORADO,42.426111,-3.1575,1296604200000,1296604800000,ALT=875.0,VV10m=2.5,QVV10m=0,DV10m=48,QDV10m=0,RVIENTO=14.0,QRVIENTO=0,VMAX10m=3.7,QVMAX10m=0,DMAX10m=33,QDMAX10m=0,TA=0.8,QTA=0,HR=75,QHR=0,PREC=0.0,QPREC=0,TPR=-3.0,QTPR=0
08078,VINUESA-QUINTANAR,41.968056,-2.783333,1296604200000,1296604800000,ALT=1197.0,VV10m=2.9,QVV10m=0,DV10m=341,QDV10m=0,RVIENTO=20.0,QRVIENTO=0,VMAX10m=8.1,QVMAX10m=0,DMAX10m=323,QDMAX10m=0,TA=-2.0,QTA=0,HR=76,QHR=0,PREC=0.0,QPREC=0,TPR=-5.7,QTPR=0
08079,SARTAGUDA,42.366111,-2.0525,1296604200000,1296604800000,ALT=310.0,VV10m=6.4,QVV10m=0,DV10m=315,QDV10m=0,RVIENTO=35.0,QRVIENTO=0,VMAX10m=9.5,QVMAX10m=0,DMAX10m=327,QDMAX10m=0,TA=3.8,QTA=0,HR=59,QHR=0,PREC=0.0,QPREC=0,TPR=-3.6,QTPR=0
08080,VITORIA/FORONDA,42.871944,-2.733333,1296604200000,1296604800000,ALT=513.0,VV10m=5.7,QVV10m=0,DV10m=10,QDV10m=0,VMAX10m=9.8,QVMAX10m=0,DMAX10m=20,QDMAX10m=0,TA=3.3,QTA=0,HR=75,QHR=0,PREC=0.0,QPREC=0,PRES=971.4,QPRES=0,RAGLOB=0.0,QRAGLOB=0,TPR=-0.7,QTPR=0,PRES_nmar=1034.1,QPRES_nmar=0
08084,LOGROÑO/AGONCILLO,42.452342,-2.331024,1296604200000,1296604800000,ALT=353.0,VV10m=2.9,QVV10m=0,DV10m=270,QDV10m=0,RVIENTO=17.0,QRVIENTO=0,VMAX10m=4.6,QVMAX10m=0,DMAX10m=260,QDMAX10m=0,TA=4.4,QTA=0,HR=62,QHR=0,PREC=0.0,QPREC=0,PRES=988.5,QPRES=0,TPR=-2.2,QTPR=0,PRES_nmar=1033.4,QPRES_nmar=0
08085,PAMPLONA/NOAIN,42.7775,-1.649722,1296604200000,1296604800000,ALT=459.0,VV10m=8.9,QVV10m=0,DV10m=350,QDV10m=0,VMAX10m=13.9,QVMAX10m=0,DMAX10m=350,QDMAX10m=0,TA=2.9,QTA=0,HR=67,QHR=0,PREC=0.0,QPREC=0,PRES=977.1,QPRES=0,RAGLOB=0.0,QRAGLOB=0,TPR=-2.7,QTPR=0,PRES_nmar=1033.0,QPRES_nmar=0
08087,BARDENAS REALES,42.195556,-1.472222,1296604200000,1296604800000,ALT=295.0,TA=3.5,QTA=0,TAMAX10m=3.6,QTAMAX10m=0,TAMIN10m=3.5,QTAMIN10m=0,PREC=0.0,QPREC=0,HR=69,QHR=0,VV10m=7.3,QVV10m=0,DV10m=304,QDV10m=0,VMAX10m=11.6,QVMAX10m=0,DMAX10m=305,QDMAX10m=0,PRES=993.3,QPRES=0,TSS5cm=4.5,QTSS5cm=0,TS=2.9,QTS=0,INSO=0.0,QINSO=0,VIS=10.5,QVIS=0,TPRE=0,QTPRE=0,PLIQTP=0.0,QPLIQTP=0,PSOLTP=0.0,QPSOLTP=0,BAT=13.7,QBAT=0,TPR=-1.7,QTPR=0,PRES_nmar=1029.9,QPRES_nmar=0
08089,ILUNDAIN,42.776944,-1.529722,1296604200000,1296604800000,ALT=572.0,VV10m=2.1,QVV10m=0,DV10m=343,QDV10m=0,RVIENTO=14.0,QRVIENTO=0,VMAX10m=5.6,QVMAX10m=0,DMAX10m=322,QDMAX10m=0,TA=0.7,QTA=0,HR=88,QHR=0,PREC=0.0,QPREC=0,TPR=-1.0,QTPR=0
08090,SOS DEL REY CATÓLICO,42.492778,-1.214444,1296604200000,1296604800000,ALT=630.0,VV10m=9.1,QVV10m=0,DV10m=329,QDV10m=0,RVIENTO=53.0,QRVIENTO=0,VMAX10m=15.3,QVMAX10m=0,DMAX10m=347,QDMAX10m=0,TA=0.9,QTA=0,HR=63,QHR=0,PREC=0.0,QPREC=0,TPR=-5.4,QTPR=0
08091,JACA,42.5781,-0.5475,1296604200000,1296604800000,ALT=830.0,VV10m=2.2,QVV10m=0,DV10m=308,QDV10m=0,RVIENTO=13.0,QRVIENTO=0,VMAX10m=4.2,QVMAX10m=0,DMAX10m=319,QDMAX10m=0,TA=-1.4,QTA=0,HR=52,QHR=0,PREC=0.0,QPREC=0,TPR=-9.9,QTPR=0
08092,ISABA,42.8627,-0.9263,1296604200000,1296604800000,ALT=820.0,VV10m=7.6,QVV10m=0,DV10m=62,QDV10m=0,RVIENTO=42.0,QRVIENTO=0,VMAX10m=14.2,QVMAX10m=0,DMAX10m=72,QDMAX10m=0,TA=-0.5,QTA=0,HR=55,QHR=0,PREC=0.0,QPREC=0,TPR=-8.6,QTPR=0
08094,HUESCA/PIRINEOS,42.0833,-0.3264,1296604200000,1296604800000,ALT=541.0,VV10m=5.7,QVV10m=0,DV10m=294,QDV10m=0,RVIENTO=34.0,QRVIENTO=0,VMAX10m=7.0,QVMAX10m=0,DMAX10m=300,QDMAX10m=0,TA=0.7,QTA=0,HR=65,QHR=0,PREC=0.0,QPREC=0,TPR=-5.1,QTPR=0
08095,ARAGÜES DEL PUERTO,42.738889,-0.651389,1296604200000,1296604800000,ALT=1120.0,VV10m=6.0,QVV10m=0,DV10m=63,QDV10m=0,RVIENTO=35.0,QRVIENTO=0,VMAX10m=20.1,QVMAX10m=0,DMAX10m=80,QDMAX10m=0,TA=3.6,QTA=0,HR=20,QHR=0,PREC=0.0,QPREC=0,TPR=-17.2,QTPR=0
08097,CANFRANC,42.745556,-0.516944,1296604200000,1296604800000,ALT=1160.0,VV10m=0.0,QVV10m=3,DV10m=0,QDV10m=3,RVIENTO=0.0,QRVIENTO=3,VMAX10m=0.0,QVMAX10m=3,DMAX10m=0,QDMAX10m=3,TA=-1.8,QTA=0,HR=58,QHR=0,PREC=0.0,QPREC=0,TPR=-9.0,QTPR=0
08101,TORLA,42.626667,-0.111111,1296604200000,1296604800000,ALT=1020.0,VV10m=1.8,QVV10m=0,DV10m=155,QDV10m=0,RVIENTO=10.0,QRVIENTO=0,VMAX10m=6.2,QVMAX10m=0,DMAX10m=155,QDMAX10m=0,TA=4.2,QTA=0,HR=29,QHR=0,PREC=0.0,QPREC=0,TPR=-12.2,QTPR=0
08104,BENASQUE,42.598333,0.519167,1296604200000,1296604800000,ALT=1120.0,VV10m=6.1,QVV10m=0,DV10m=80,QDV10m=0,RVIENTO=34.0,QRVIENTO=0,VMAX10m=13.7,QVMAX10m=0,DMAX10m=68,QDMAX10m=0,TA=5.4,QTA=0,HR=23,QHR=0,PREC=0.0,QPREC=0,TPR=-13.9,QTPR=0
08107,ARTIES,42.700833,0.876667,1296604200000,1296604800000,ALT=1185.0,VV10m=0.7,QVV10m=0,DV10m=74,QDV10m=0,RVIENTO=4.0,QRVIENTO=0,VMAX10m=3.2,QVMAX10m=0,DMAX10m=76,QDMAX10m=0,TA=-5.8,QTA=0,HR=95,QHR=0,PREC=0.0,QPREC=0,TPR=-6.4,QTPR=0
08115,LA SEO D´URGELL,42.356667,1.459167,1296604200000,1296604800000,ALT=690.0,VV10m=0.1,QVV10m=0,DV10m=310,QDV10m=0,RVIENTO=3.0,QRVIENTO=0,VMAX10m=1.0,QVMAX10m=0,DMAX10m=340,QDMAX10m=0,TA=-1.4,QTA=0,HR=80,QHR=0,PREC=0.0,QPREC=0,TPR=-4.5,QTPR=0
08118,RIPOLL,42.1925,2.1975,1296604200000,1296604800000,ALT=671.0,VV10m=0.3,QVV10m=0,DV10m=354,QDV10m=0,RVIENTO=3.0,QRVIENTO=0,VMAX10m=1.3,QVMAX10m=0,DMAX10m=313,QDMAX10m=0,TA=-4.2,QTA=0,HR=97,QHR=0,PREC=0.0,QPREC=0,TPR=-4.8,QTPR=0
08125,VILLARDECIERVOS,41.943442,-6.278465,1296604200000,1296604800000,ALT=850.0,TA=-5.4,QTA=0,TAMAX10m=-5.1,QTAMAX10m=0,TAMIN10m=-5.4,QTAMIN10m=0,PREC=0.0,QPREC=0,HR=88,QHR=0,VV10m=1.0,QVV10m=0,DV10m=2,QDV10m=0,VMAX10m=1.5,QVMAX10m=0,DMAX10m=15,QDMAX10m=0,PRES=932.1,QPRES=0,TSS5cm=3.1,QTSS5cm=0,TS=-3.3,QTS=0,INSO=0.0,QINSO=0,VIS=20.0,QVIS=0,TPRE=0,QTPRE=0,PLIQTP=0.0,QPLIQTP=0,PSOLTP=0.0,QPSOLTP=0,BAT=14.0,QBAT=0,TPR=-7.1,QTPR=0,GEO925=924.1,QGEO925=0
08129,VITIGUDINO,41.013333,-6.436389,1296604200000,1296604800000,ALT=769.0,TA=-2.0,QTA=0,TAMAX10m=-2.0,QTAMAX10m=0,TAMIN10m=-2.1,QTAMIN10m=0,PREC=0.0,QPREC=0,HR=90,QHR=0,VV10m=2.4,QVV10m=0,DV10m=78,QDV10m=0,VMAX10m=3.3,QVMAX10m=0,DMAX10m=76,QDMAX10m=0,PRES=940.1,QPRES=0,TSS5cm=5.4,QTSS5cm=0,TS=3.9,QTS=0,INSO=0.0,QINSO=0,VIS=14.5,QVIS=0,TPRE=0,QTPRE=0,PLIQTP=0.0,QPLIQTP=0,PSOLTP=0.0,QPSOLTP=0,BAT=14.2,QBAT=0,TPR=-3.3,QTPR=0,GEO925=898.0,QGEO925=0
08130,ZAMORA,41.517222,-5.733333,1296604200000,1296604800000,ALT=656.0,VV10m=0.0,QVV10m=0,DV10m=0,QDV10m=0,RVIENTO=2.0,QRVIENTO=0,VMAX10m=1.0,QVMAX10m=0,DMAX10m=310,QDMAX10m=0,TA=-0.4,QTA=0,HR=89,QHR=0,PREC=0.0,QPREC=0,PRES=954.1,QPRES=0,TPR=-2.0,QTPR=0,PRES_nmar=1036.4,QPRES_nmar=0
08141,VALLADOLID,41.6506,-4.7668,1296604200000,1296604800000,ALT=735.0,VV10m=0.8,QVV10m=0,DV10m=357,QDV10m=0,RVIENTO=5.0,QRVIENTO=0,VMAX10m=1.4,QVMAX10m=0,DMAX10m=343,QDMAX10m=0,TA=-0.5,QTA=0,HR=89,QHR=0,PREC=0.0,QPREC=0,PRES=943.8,QPRES=0,TPR=-2.2,QTPR=0,PRES_nmar=1033.8,QPRES_nmar=0
08142,OLMEDO,41.328333,-4.688056,1296604200000,1296604800000,ALT=740.0,VV10m=2.4,QVV10m=0,DV10m=45,QDV10m=0,RVIENTO=14.0,QRVIENTO=0,VMAX10m=4.1,QVMAX10m=0,DMAX10m=46,QDMAX10m=0,TA=0.2,QTA=0,HR=77,QHR=0,PREC=0.0,QPREC=0,PRES=940.0,QPRES=0,TPR=-3.3,QTPR=0,PRES_nmar=1030.1,QPRES_nmar=0
08143,CEREZO DE ARRIBA,41.193831,-3.473893,1296604200000,1296604800000,ALT=1860.0,TA=-7.4,QTA=0,TAMAX10m=-7.4,QTAMAX10m=0,TAMIN10m=-7.4,QTAMIN10m=0,PREC=0.0,QPREC=0,HR=94,QHR=0,VV10m=4.4,QVV10m=0,DV10m=46,QDV10m=0,VMAX10m=8.7,QVMAX10m=0,DMAX10m=43,QDMAX10m=0,PRES=825.7,QPRES=0,TSS5cm=-0.3,QTSS5cm=0,TS=-1.1,QTS=0,INSO=0.0,QINSO=0,VIS=4.6,QVIS=0,TPRE=10,QTPRE=0,PLIQTP=0.0,QPLIQTP=0,PSOLTP=0.0,QPSOLTP=0,NIEVE=0.0,QNIEVE=0,BAT=14.2,QBAT=0,TPR=-8.2,QTPR=0,GEO850=1634.7,QGEO850=0
08144,ARANDA DE DUERO,41.666667,-3.741389,1296604200000,1296604800000,ALT=790.0,TA=1.4,QTA=0,TAMAX10m=1.4,QTAMAX10m=0,TAMIN10m=1.4,QTAMIN10m=0,PREC=0.0,QPREC=0,HR=74,QHR=0,VV10m=2.7,QVV10m=0,DV10m=350,QDV10m=0,VMAX10m=5.8,QVMAX10m=0,DMAX10m=15,QDMAX10m=0,PRES=937.7,QPRES=0,TSS5cm=1.5,QTSS5cm=0,TS=0.6,QTS=0,INSO=0.0,QINSO=0,VIS=20.0,QVIS=0,TPRE=0,QTPRE=0,PLIQTP=0.0,QPLIQTP=0,PSOLTP=0.0,QPSOLTP=0,BAT=14.1,QBAT=0,TPR=-2.7,QTPR=0,GEO925=899.9,QGEO925=0
08145,SOMOSIERRA,41.1358,-3.5747,1296604200000,1296604800000,ALT=1450.0,VV10m=2.2,QVV10m=0,DV10m=349,QDV10m=0,RVIENTO=31.0,QRVIENTO=0,VMAX10m=10.6,QVMAX10m=0,DMAX10m=212,QDMAX10m=0,TA=-4.7,QTA=0,HR=99,QHR=0,PREC=0.0,QPREC=0,PRES=864.3,QPRES=0,TPR=-4.8,QTPR=0,GEO850=1581.6,QGEO850=0
08146,BUITRAGO,41.006986,-3.613809,1296604200000,1296604800000,ALT=1026.0,VV10m=7.2,QVV10m=0,DV10m=329,QDV10m=0,RVIENTO=45.0,QRVIENTO=0,VMAX10m=14.1,QVMAX10m=0,DMAX10m=332,QDMAX10m=0,TA=-0.1,QTA=0,HR=80,QHR=0,PREC=0.0,QPREC=0,PRES=904.2,QPRES=0,TPR=-3.0,QTPR=0,GEO850=1524.0,QGEO850=0
08148,SORIA,41.7673,-2.4666,1296604200000,1296604800000,ALT=1082.0,VV10m=5.6,QVV10m=0,DV10m=16,QDV10m=0,RVIENTO=34.0,QRVIENTO=0,VMAX10m=10.1,QVMAX10m=0,DMAX10m=18,QDMAX10m=0,TA=-0.5,QTA=0,HR=63,QHR=0,PREC=0.0,QPREC=0,PRES=901.8,QPRES=0,TPR=-6.7,QTPR=0,GEO850=1557.5,QGEO850=0
08149,PALACIOS DE LA SIERRA,41.961578,-3.130339,1296604200000,1296604800000,ALT=1080.0,TA=-1.8,QTA=0,TAMAX10m=-1.8,QTAMAX10m=0,TAMIN10m=-2.2,QTAMIN10m=0,PREC=0.0,QPREC=0,HR=75,QHR=0,VV10m=3.3,QVV10m=0,DV10m=254,QDV10m=0,VMAX10m=6.1,QVMAX10m=0,DMAX10m=264,QDMAX10m=0,PRES=903.4,QPRES=0,TSS5cm=0.5,QTSS5cm=0,TS=-1.8,QTS=0,INSO=0.0,QINSO=0,VIS=20.0,QVIS=0,TPRE=0,QTPRE=0,PLIQTP=0.0,QPLIQTP=0,PSOLTP=0.0,QPSOLTP=0,BAT=14.1,QBAT=0,TPR=-5.7,QTPR=0,GEO850=1567.6,QGEO850=0
08150,SIGÜENZA,41.083889,-2.632778,1296604200000,1296604800000,ALT=1044.0,TA=-1.4,QTA=0,TAMAX10m=-1.3,QTAMAX10m=0,TAMIN10m=-1.4,QTAMIN10m=0,PREC=0.0,QPREC=0,HR=73,QHR=0,VV10m=10.0,QVV10m=0,DV10m=329,QDV10m=0,VMAX10m=20.8,QVMAX10m=0,DMAX10m=321,QDMAX10m=0,PRES=909.8,QPRES=0,TSS5cm=0.7,QTSS5cm=0,TS=-1.6,QTS=0,INSO=0.0,QINSO=0,VIS=20.0,QVIS=0,TPRE=0,QTPRE=0,PLIQTP=0.0,QPLIQTP=0,PSOLTP=0.0,QPSOLTP=0,BAT=14.1,QBAT=0,TPR=-5.7,QTPR=0,GEO850=1589.2,QGEO850=0
08153,CADREITA,42.208333,-1.710556,1296604200000,1296604800000,ALT=268.0,VV10m=7.2,QVV10m=0,DV10m=297,QDV10m=0,RVIENTO=40.0,QRVIENTO=0,VMAX10m=10.1,QVMAX10m=0,DMAX10m=298,QDMAX10m=0,TA=2.4,QTA=0,HR=65,QHR=0,PREC=0.0,QPREC=0,TPR=-3.6,QTPR=0
08154,TUDELA,42.056389,-1.608056,1296604200000,1296604800000,ALT=295.0,VV10m=2.9,QVV10m=0,DV10m=342,QDV10m=0,RVIENTO=24.0,QRVIENTO=0,VMAX10m=9.0,QVMAX10m=0,DMAX10m=330,QDMAX10m=0,TA=3.5,QTA=0,HR=62,QHR=0,PREC=0.0,QPREC=0,TPR=-3.0,QTPR=0
08156,CALATAYUD,41.331389,-1.646667,1296604200000,1296604800000,ALT=600.0,TA=1.1,QTA=0,TAMAX10m=1.3,QTAMAX10m=0,TAMIN10m=1.1,QTAMIN10m=0,PREC=0.0,QPREC=0,HR=67,QHR=0,VV10m=1.3,QVV10m=0,DV10m=122,QDV10m=0,VMAX10m=2.6,QVMAX10m=0,DMAX10m=117,QDMAX10m=0,PRES=957.2,QPRES=0,TSS5cm=2.8,QTSS5cm=0,TS=-0.5,QTS=0,INSO=0.0,QINSO=0,VIS=20.0,QVIS=0,TPRE=0,QTPRE=0,PLIQTP=0.0,QPLIQTP=0,PSOLTP=0.0,QPSOLTP=0,BAT=14.2,QBAT=0,TPR=-4.5,QTPR=0,PRES_nmar=1030.8,QPRES_nmar=0
08157,DAROCA,41.114722,-1.410833,1296604200000,1296604800000,ALT=779.0,VV10m=0.2,QVV10m=0,DV10m=289,QDV10m=0,RVIENTO=3.0,QRVIENTO=0,VMAX10m=2.3,QVMAX10m=0,DMAX10m=271,QDMAX10m=0,TA=1.5,QTA=0,HR=64,QHR=0,PREC=0.0,QPREC=0,TPR=-4.5,QTPR=0
08161,ZARAGOZA,41.6349,-0.8957,1296604200000,1296604800000,ALT=221.0,VV10m=5.5,QVV10m=3,DV10m=291,QDV10m=3,RVIENTO=32.0,QRVIENTO=3,VMAX10m=11.6,QVMAX10m=3,DMAX10m=281,QDMAX10m=3,TA=6.6,QTA=0,HR=73,QHR=0,PREC=0.0,QPREC=0,TPR=2.1,QTPR=0
08163,SARIÑENA,41.791389,-0.155278,1296604200000,1296604800000,ALT=275.0,VV10m=5.8,QVV10m=0,DV10m=284,QDV10m=0,RVIENTO=33.0,QRVIENTO=0,VMAX10m=10.4,QVMAX10m=0,DMAX10m=291,QDMAX10m=0,TA=1.9,QTA=0,HR=67,QHR=0,PREC=0.0,QPREC=0,TPR=-3.6,QTPR=0
08164,ALCAÑIZ,41.058056,-0.137778,1296604200000,1296604800000,ALT=320.0,VV10m=3.2,QVV10m=0,DV10m=266,QDV10m=0,RVIENTO=18.0,QRVIENTO=0,VMAX10m=5.3,QVMAX10m=0,DMAX10m=293,QDMAX10m=0,TA=2.5,QTA=0,HR=68,QHR=0,PREC=0.0,QPREC=0,TPR=-2.7,QTPR=0
08165,BUJARALOZ,41.524167,-0.173056,1296604200000,1296604800000,ALT=357.0,TA=1.5,QTA=0,TAMAX10m=1.8,QTAMAX10m=0,TAMIN10m=1.5,QTAMIN10m=0,PREC=0.0,QPREC=0,HR=68,QHR=0,VV10m=4.4,QVV10m=0,DV10m=263,QDV10m=0,VMAX10m=6.3,QVMAX10m=0,DMAX10m=267,QDMAX10m=0,PRES=981.1,QPRES=0,TSS5cm=2.7,QTSS5cm=0,TS=0.8,QTS=0,INSO=0.0,QINSO=0,VIS=12.5,QVIS=0,TPRE=0,QTPRE=0,PLIQTP=0.0,QPLIQTP=0,PSOLTP=0.0,QPSOLTP=0,BAT=13.9,QBAT=0,TPR=-3.9,QTPR=0,PRES_nmar=1025.4,QPRES_nmar=0
08166,CALANDA,40.941389,-0.235833,1296604200000,1296604800000,ALT=459.0,TA=2.7,QTA=0,TAMAX10m=2.8,QTAMAX10m=0,TAMIN10m=2.7,QTAMIN10m=0,PREC=0.0,QPREC=0,HR=67,QHR=0,VV10m=4.9,QVV10m=0,DV10m=272,QDV10m=0,VMAX10m=11.7,QVMAX10m=2,DMAX10m=279,QDMAX10m=0,PRES=971.1,QPRES=0,TSS5cm=3.6,QTSS5cm=0,TS=1.7,QTS=0,INSO=0.0,QINSO=0,VIS=13.1,QVIS=0,TPRE=0,QTPRE=0,PLIQTP=0.0,QPLIQTP=0,PSOLTP=0.0,QPSOLTP=0,BAT=14.1,QBAT=0,TPR=-2.7,QTPR=0,PRES_nmar=1027.5,QPRES_nmar=0
08168,TAMARITE DE LITERA,41.781667,0.378056,1296604200000,1296604800000,ALT=218.0,VV10m=0.0,QVV10m=0,DV10m=0,QDV10m=0,RVIENTO=0.0,QRVIENTO=0,VMAX10m=0.4,QVMAX10m=0,DMAX10m=317,QDMAX10m=0,TA=0.0,QTA=0,HR=67,QHR=0,PREC=0.0,QPREC=0,TPR=-5.4,QTPR=0
08171,LLEIDA,41.625833,0.595,1296604200000,1296604800000,ALT=192.0,VV10m=2.8,QVV10m=0,DV10m=230,QDV10m=0,RVIENTO=16.0,QRVIENTO=0,VMAX10m=3.9,QVMAX10m=0,DMAX10m=236,QDMAX10m=0,TA=0.1,QTA=0,HR=74,QHR=0,PREC=0.0,QPREC=0,TPR=-3.9,QTPR=0
08173,TÁRREGA,41.651111,1.145833,1296604200000,1296604800000,ALT=363.0,VV10m=0.4,QVV10m=0,DV10m=15,QDV10m=0,RVIENTO=4.0,QRVIENTO=0,VMAX10m=1.9,QVMAX10m=0,DMAX10m=335,QDMAX10m=0,TA=0.6,QTA=0,HR=78,QHR=0,PREC=0.0,QPREC=0,TPR=-2.7,QTPR=0
08174,MANRESA,41.720556,1.839167,1296604200000,1296604800000,ALT=291.0,TA=-0.3,QTA=0,TAMAX10m=-0.2,QTAMAX10m=0,TAMIN10m=-0.3,QTAMIN10m=0,PREC=0.0,QPREC=0,HR=92,QHR=0,VV10m=2.3,QVV10m=0,DV10m=59,QDV10m=0,VMAX10m=3.5,QVMAX10m=0,DMAX10m=55,QDMAX10m=0,PRES=988.5,QPRES=0,TSS5cm=5.2,QTSS5cm=0,TS=1.7,QTS=0,INSO=0.0,QINSO=0,VIS=7.0,QVIS=0,TPRE=10,QTPRE=0,PLIQTP=0.0,QPLIQTP=0,PSOLTP=0.0,QPSOLTP=0,BAT=14.1,QBAT=0,TPR=-1.4,QTPR=0,PRES_nmar=1025.0,QPRES_nmar=0
08175,REUS/AEROPUERTO,41.150278,1.178889,1296604200000,1296604800000,ALT=71.0,VV10m=0.9,QVV10m=0,DV10m=200,QDV10m=0,RVIENTO=5.0,QRVIENTO=0,VMAX10m=1.5,QVMAX10m=0,DMAX10m=200,QDMAX10m=0,TA=4.8,QTA=0,HR=58,QHR=0,PREC=0.0,QPREC=0,PRES=1013.8,QPRES=0,RAGLOB=0.0,QRAGLOB=0,TPR=-2.7,QTPR=0,PRES_nmar=1023.3,QPRES_nmar=0
08180,BARCELONA CMT,41.386667,2.201111,1296604200000,1296604800000,ALT=25.0,VV10m=1.9,QVV10m=0,DV10m=323,QDV10m=0,RVIENTO=11.0,QRVIENTO=0,VMAX10m=3.3,QVMAX10m=0,DMAX10m=335,QDMAX10m=0,TA=8.6,QTA=0,HR=58,QHR=0,PREC=0.0,QPREC=0,TPR=0.9,QTPR=0
08181,BARCELONA/AEROPUERTO,41.293333,2.070278,1296604200000,1296604800000,ALT=4.0,VV10m=4.6,QVV10m=0,DV10m=340,QDV10m=0,RVIENTO=27.0,QRVIENTO=0,VMAX10m=7.2,QVMAX10m=0,DMAX10m=340,QDMAX10m=0,TA=4.8,QTA=0,HR=59,QHR=0,PREC=0.0,QPREC=0,PRES=1021.5,QPRES=0,RAGLOB=0.0,QRAGLOB=0,TPR=-2.5,QTPR=0,PRES_nmar=1022.1,QPRES_nmar=0
08184,GIRONA/COSTA BRAVA,41.912222,2.763611,1296604200000,1296604800000,ALT=143.0,VV10m=1.1,QVV10m=0,DV10m=250,QDV10m=0,RVIENTO=6.0,QRVIENTO=0,VMAX10m=2.1,QVMAX10m=0,DMAX10m=260,QDMAX10m=0,TA=2.2,QTA=0,HR=87,QHR=0,PREC=0.0,QPREC=0,PRES=1006.1,QPRES=0,RAGLOB=0.0,QRAGLOB=0,TPR=0.2,QTPR=0,PRES_nmar=1022.3,QPRES_nmar=0
08186,ARENYS DE MAR,41.590278,2.544444,1296604200000,1296604800000,ALT=50.0,VV10m=1.5,QVV10m=0,DV10m=349,QDV10m=0,RVIENTO=14.0,QRVIENTO=0,VMAX10m=4.0,QVMAX10m=0,DMAX10m=215,QDMAX10m=0,TA=5.8,QTA=0,PREC=0.0,QPREC=0
08188,SANTA SUSANA,41.6506,2.717,1296604200000,1296604800000,ALT=45.0,VV10m=0.0,QVV10m=0,DV10m=0,QDV10m=0,RVIENTO=0.0,QRVIENTO=0,VMAX10m=0.0,QVMAX10m=0,DMAX10m=0,QDMAX10m=0,TA=1.6,QTA=0,HR=95,QHR=0,PREC=0.0,QPREC=0,TPR=0.9,QTPR=0
08192,SABADELL/AERÓDROMO,41.529722,2.100833,1296604200000,1296604800000,ALT=141.0,VV10m=1.7,QVV10m=0,DV10m=263,QDV10m=0,RVIENTO=10.0,QRVIENTO=0,VMAX10m=2.1,QVMAX10m=0,DMAX10m=274,QDMAX10m=0,TA=2.0,QTA=0,HR=85,QHR=0,PREC=0.0,QPREC=0,TPR=-0.3,QTPR=0
08201,SALAMANCA OBS.,40.956389,-5.661389,1296604200000,1296604800000,ALT=775.0,VV10m=0.8,QVV10m=0,DV10m=88,QDV10m=0,RVIENTO=5.0,QRVIENTO=0,VMAX10m=1.3,QVMAX10m=0,DMAX10m=97,QDMAX10m=0,TA=-1.5,QTA=0,HR=93,QHR=0,PREC=0.0,QPREC=0,PRES=941.4,QPRES=0,TPR=-2.5,QTPR=0,GEO925=915.3,QGEO925=0
08202,SALAMANCA/MATACAN,40.96,-5.498056,1296604200000,1296604800000,ALT=790.0,VV10m=2.1,QVV10m=3,DV10m=70,QDV10m=0,RVIENTO=12.0,QRVIENTO=0,VMAX10m=2.1,QVMAX10m=3,DMAX10m=80,QDMAX10m=0,TA=-1.0,QTA=0,HR=89,QHR=0,PREC=0.0,QPREC=0,PRES=937.7,QPRES=0,TPR=-2.5,QTPR=0,GEO925=903.0,QGEO925=0
08206,NAVARREDONDA DE GREDOS,40.3511,-5.1431,1296604200000,1296604800000,ALT=1550.0,VV10m=2.1,QVV10m=0,DV10m=106,QDV10m=0,RVIENTO=13.0,QRVIENTO=0,VMAX10m=5.8,QVMAX10m=0,DMAX10m=100,QDMAX10m=0,TA=-4.7,QTA=0,HR=81,QHR=0,PREC=0.0,QPREC=0,TPR=-7.5,QTPR=0
08208,SOTILLO DE LA ADRADA,40.2892,-4.5908,1296604200000,1296604800000,ALT=630.0,VV10m=2.0,QVV10m=0,DV10m=315,QDV10m=0,RVIENTO=16.0,QRVIENTO=0,VMAX10m=9.2,QVMAX10m=0,DMAX10m=302,QDMAX10m=0,TA=4.9,QTA=0,HR=45,QHR=0,PREC=0.0,QPREC=0,TPR=-6.0,QTPR=0
08210,ÁVILA,40.65,-4.678611,1296604200000,1296604800000,ALT=1130.0,VV10m=4.8,QVV10m=0,DV10m=358,QDV10m=0,RVIENTO=29.0,QRVIENTO=0,VMAX10m=7.9,QVMAX10m=0,DMAX10m=13,QDMAX10m=0,TA=-1.8,QTA=0,HR=87,QHR=0,PREC=0.0,QPREC=0,PRES=898.4,QPRES=0,TPR=-3.6,QTPR=0,GEO850=1575.1,QGEO850=0
08212,ROBLEDO DE CHAVELA,40.4301,-4.2468,1296604200000,1296604800000,ALT=790.0,VV10m=5.2,QVV10m=0,DV10m=302,QDV10m=0,RVIENTO=29.0,QRVIENTO=0,VMAX10m=9.9,QVMAX10m=0,DMAX10m=309,QDMAX10m=0,TA=2.4,QTA=0,HR=49,QHR=0,PREC=0.0,QPREC=0,PRES=942.2,QPRES=0,TPR=-7.1,QTPR=0,GEO925=939.1,QGEO925=0
08213,SEGOVIA,40.947778,-4.127222,1296604200000,1296604800000,ALT=1005.0,VV10m=2.2,QVV10m=0,DV10m=37,QDV10m=0,RVIENTO=13.0,QRVIENTO=0,VMAX10m=3.7,QVMAX10m=0,DMAX10m=20,QDMAX10m=0,TA=0.0,QTA=0,HR=82,QHR=0,PREC=0.0,QPREC=0,TPR=-2.7,QTPR=0
08215,NAVACERRADA PUERTO,40.780556,-4.010278,1296604200000,1296604800000,ALT=1894.0,VV10m=0.8,QVV10m=0,DV10m=9,QDV10m=0,RVIENTO=5.0,QRVIENTO=0,VMAX10m=1.3,QVMAX10m=0,DMAX10m=10,QDMAX10m=0,TA=-6.9,QTA=0,HR=99,QHR=0,PREC=0.0,QPREC=0,PRES=815.8,QPRES=0,TPR=-7.1,QTPR=0,GEO850=1568.7,QGEO850=0
08217,ALTO DE LOS LEONES,40.708056,-4.133333,1296604200000,1296604800000,ALT=1532.0,VV10m=0.0,QVV10m=0,DV10m=0,QDV10m=0,RVIENTO=0.0,QRVIENTO=0,VMAX10m=0.0,QVMAX10m=0,DMAX10m=0,QDMAX10m=0,TA=-4.6,QTA=0,HR=89,QHR=0,PREC=0.0,QPREC=0,PRES=853.4,QPRES=0,TPR=-6.0,QTPR=0,GEO850=1563.4,QGEO850=0
08219,COLMENAR VIEJO/FAMET,40.698611,-3.764444,1296604200000,1296604800000,ALT=1004.0,VV10m=1.7,QVV10m=0,DV10m=118,QDV10m=0,RVIENTO=10.0,QRVIENTO=0,VMAX10m=3.5,QVMAX10m=0,DMAX10m=99,QDMAX10m=0,TA=0.7,QTA=0,HR=42,QHR=0,PREC=0.0,QPREC=0,PRES=907.3,QPRES=0,TPR=-10.8,QTPR=0,GEO925=843.2,QGEO925=0
08220,MADRID C. UNIVERSITARIA,40.452778,-3.724167,1296604200000,1296604800000,ALT=664.0,VV10m=0.4,QVV10m=0,DV10m=65,QDV10m=0,RVIENTO=3.0,QRVIENTO=0,VMAX10m=1.9,QVMAX10m=0,DMAX10m=33,QDMAX10m=0,TA=-1.0,QTA=0,HR=85,QHR=0,PREC=0.0,QPREC=0,TPR=-3.3,QTPR=0
08221,MADRID/BARAJAS,40.466389,-3.555556,1296604200000,1296604800000,ALT=609.0,VV10m=3.4,QVV10m=0,DV10m=340,QDV10m=0,RVIENTO=20.0,QRVIENTO=0,VMAX10m=5.1,QVMAX10m=0,DMAX10m=340,QDMAX10m=0,TA=2.0,QTA=0,HR=62,QHR=0,PREC=0.0,QPREC=0,PRES=958.0,QPRES=0,RAGLOB=7.3,QRAGLOB=0,TPR=-4.5,QTPR=0,PRES_nmar=1029.2,QPRES_nmar=0
08222,MADRID RETIRO,40.411111,-3.678056,1296604200000,1296604800000,ALT=667.0,VV10m=1.6,QVV10m=0,DV10m=315,QDV10m=0,RVIENTO=9.0,QRVIENTO=0,VMAX10m=2.9,QVMAX10m=0,DMAX10m=318,QDMAX10m=0,TA=0.7,QTA=0,HR=75,QHR=0,PREC=0.0,QPREC=0,PRES=944.0,QPRES=0,TPR=-3.3,QTPR=0,PRES_nmar=1025.1,QPRES_nmar=0
08226,GUADALAJARA,40.661111,-3.174167,1296604200000,1296604800000,ALT=639.0,VV10m=0.0,QVV10m=0,DV10m=0,QDV10m=0,RVIENTO=0.0,QRVIENTO=0,VMAX10m=0.0,QVMAX10m=0,DMAX10m=0,QDMAX10m=0,TA=-2.5,QTA=0,HR=99,QHR=0,PREC=0.0,QPREC=0,PRES=951.5,QPRES=0,TPR=-2.7,QTPR=0,PRES_nmar=1030.8,QPRES_nmar=0
08229,ARANJUEZ,40.069,-3.5448,1296604200000,1296604800000,ALT=540.0,VV10m=1.8,QVV10m=0,DV10m=328,QDV10m=0,RVIENTO=10.0,QRVIENTO=0,VMAX10m=2.5,QVMAX10m=0,DMAX10m=328,QDMAX10m=0,TA=-1.5,QTA=0,HR=81,QHR=0,PREC=0.0,QPREC=0,TPR=-4.5,QTPR=0
08230,CAÑIZARES,40.533889,-2.150278,1296604200000,1296604800000,ALT=940.0,VV10m=0.1,QVV10m=3,DV10m=252,QDV10m=3,RVIENTO=1.0,QRVIENTO=3,VMAX10m=1.7,QVMAX10m=3,DMAX10m=205,QDMAX10m=3,TA=-1.1,QTA=0,HR=99,QHR=0,PREC=0.0,QPREC=0,PRES=915.6,QPRES=0,TPR=-1.2,QTPR=0,GEO925=858.6,QGEO925=0
08231,CUENCA,40.066667,-2.138056,1296604200000,1296604800000,ALT=945.0,VV10m=1.9,QVV10m=0,DV10m=343,QDV10m=0,RVIENTO=11.0,QRVIENTO=0,VMAX10m=3.5,QVMAX10m=0,DMAX10m=358,QDMAX10m=0,TA=0.1,QTA=0,HR=68,QHR=0,PREC=0.0,QPREC=0,PRES=914.2,QPRES=0,TPR=-5.1,QTPR=0,GEO925=852.0,QGEO925=0
08232,MOLINA DE ARAGÓN,40.844444,-1.885278,1296604200000,1296604800000,ALT=1056.0,VV10m=2.4,QVV10m=0,DV10m=336,QDV10m=0,RVIENTO=14.0,QRVIENTO=0,VMAX10m=4.9,QVMAX10m=0,DMAX10m=333,QDMAX10m=0,TA=-1.2,QTA=0,HR=66,QHR=0,PREC=0.0,QPREC=0,PRES=902.7,QPRES=0,TPR=-6.7,QTPR=0,GEO850=1545.3,QGEO850=0
08235,TERUEL,40.350546,-1.116566,1296604200000,1296604800000,ALT=900.0,VV10m=3.2,QVV10m=0,DV10m=344,QDV10m=0,RVIENTO=19.0,QRVIENTO=0,VMAX10m=5.3,QVMAX10m=0,DMAX10m=358,QDMAX10m=0,TA=0.5,QTA=0,HR=74,QHR=0,PREC=0.0,QPREC=0,TPR=-3.6,QTPR=0
08236,MONTALBÁN,40.829722,-0.791667,1296604200000,1296604800000,ALT=885.0,VV10m=1.8,QVV10m=0,DV10m=307,QDV10m=0,RVIENTO=12.0,QRVIENTO=0,VMAX10m=7.6,QVMAX10m=0,DMAX10m=327,QDMAX10m=0,TA=0.3,QTA=0,HR=67,QHR=0,PREC=0.0,QPREC=0,TPR=-5.1,QTPR=0
08237,CASTELLFORT,40.5042,-0.1889,1296604200000,1296604800000,ALT=1181.0,VV10m=5.5,QVV10m=0,DV10m=284,QDV10m=3,RVIENTO=30.0,QRVIENTO=0,VMAX10m=8.9,QVMAX10m=0,DMAX10m=284,QDMAX10m=3,TA=-3.2,QTA=0,HR=76,QHR=0,PREC=0.0,QPREC=0,TPR=-6.7,QTPR=0
08239,VINAROZ,40.559167,0.430556,1296604200000,1296604800000,ALT=110.0,VV10m=0.0,QVV10m=3,DV10m=0,QDV10m=3,RVIENTO=0.0,QRVIENTO=3,VMAX10m=0.0,QVMAX10m=3,DMAX10m=0,QDMAX10m=2,TA=6.4,QTA=0,HR=50,QHR=0,PREC=0.0,QPREC=0,TPR=-3.3,QTPR=0
08240,SANT JAUME,40.697778,0.813889,1296604200000,1296604800000,ALT=1.0,VV10m=6.8,QVV10m=3,DV10m=285,QDV10m=0,RVIENTO=39.0,QRVIENTO=0,VMAX10m=10.1,QVMAX10m=0,DMAX10m=287,QDMAX10m=0,TA=7.2,QTA=0,HR=59,QHR=0,PREC=0.0,QPREC=0,TPR=-0.3,QTPR=0
08251,CORIA,40.004444,-6.556667,1296604200000,1296604800000,ALT=313.0,TA=5.3,QTA=0,TAMAX10m=5.4,QTAMAX10m=0,TAMIN10m=5.3,QTAMIN10m=0,PREC=0.0,QPREC=0,HR=59,QHR=0,VV10m=2.2,QVV10m=0,DV10m=10,QDV10m=0,VMAX10m=4.1,QVMAX10m=0,DMAX10m=11,QDMAX10m=0,PRES=991.7,QPRES=0,TSS5cm=7.0,QTSS5cm=0,TS=4.0,QTS=0,INSO=0.0,QINSO=0,PLIQTP=0.0,QPLIQTP=0,PSOLTP=0.0,QPSOLTP=0,BAT=14.0,QBAT=0,TPR=-2.0,QTPR=0,PRES_nmar=1030.3,QPRES_nmar=0
08252,PLASENCIA,40.0425,-6.084722,1296604200000,1296604800000,ALT=420.0,VV10m=1.5,QVV10m=0,DV10m=35,QDV10m=0,RVIENTO=11.0,QRVIENTO=0,VMAX10m=7.3,QVMAX10m=0,DMAX10m=34,QDMAX10m=0,TA=10.0,QTA=0,HR=36,QHR=0,PREC=0.0,QPREC=0,TPR=-4.5,QTPR=0
08254,NAVALMORAL DE LA MATA,39.946944,-5.581389,1296604200000,1296604800000,ALT=269.0,TA=-2.1,QTA=0,TAMAX10m=-1.9,QTAMAX10m=0,TAMIN10m=-2.1,QTAMIN10m=0,PREC=0.0,QPREC=0,HR=94,QHR=0,VV10m=1.4,QVV10m=0,DV10m=346,QDV10m=0,VMAX10m=2.2,QVMAX10m=0,DMAX10m=344,QDMAX10m=0,PRES=995.7,QPRES=0,TSS5cm=6.8,QTSS5cm=0,TS=-0.5,QTS=0,INSO=0.0,QINSO=0,VIS=11.4,QVIS=0,TPRE=0,QTPRE=0,PLIQTP=0.0,QPLIQTP=0,PSOLTP=0.0,QPSOLTP=0,BAT=14.1,QBAT=0,TPR=-3.0,QTPR=0,PRES_nmar=1029.9,QPRES_nmar=0
08256,SAN CLEMENTE,39.405556,-2.420556,1296604200000,1296604800000,ALT=728.0,TA=1.2,QTA=0,TAMAX10m=1.4,QTAMAX10m=0,TAMIN10m=1.2,QTAMIN10m=0,PREC=0.0,QPREC=0,HR=76,QHR=0,VV10m=3.5,QVV10m=0,DV10m=320,QDV10m=0,VMAX10m=5.2,QVMAX10m=0,DMAX10m=324,QDMAX10m=0,PRES=939.2,QPRES=0,TSS5cm=4.0,QTSS5cm=0,TS=1.1,QTS=0,INSO=0.0,QINSO=0,VIS=14.0,QVIS=0,TPRE=0,QTPRE=0,PLIQTP=0.0,QPLIQTP=0,PSOLTP=0.0,QPSOLTP=0,BAT=14.1,QBAT=0,TPR=-2.5,QTPR=0,PRES_nmar=1027.3,QPRES_nmar=0
08260,VALENCIA DE ALCÁNTARA,39.416111,-7.247778,1296604200000,1296604800000,ALT=445.0,VV10m=1.4,QVV10m=0,DV10m=252,QDV10m=0,RVIENTO=8.0,QRVIENTO=0,VMAX10m=2.9,QVMAX10m=0,DMAX10m=265,QDMAX10m=0,TA=0.5,QTA=0,HR=78,QHR=0,PREC=0.0,QPREC=0,TPR=-3.0,QTPR=0
08261,CÁCERES,39.472222,-6.339444,1296604200000,1296604800000,ALT=405.0,VV10m=1.3,QVV10m=0,DV10m=293,QDV10m=0,RVIENTO=8.0,QRVIENTO=0,VMAX10m=2.2,QVMAX10m=0,DMAX10m=287,QDMAX10m=0,TA=2.0,QTA=0,HR=71,QHR=0,PREC=0.0,QPREC=0,TPR=-2.7,QTPR=0
08263,TRUJILLO,39.4848,-5.8554,1296604200000,1296604800000,ALT=503.0,VV10m=0.5,QVV10m=0,DV10m=166,QDV10m=0,RVIENTO=3.0,QRVIENTO=0,VMAX10m=0.9,QVMAX10m=0,DMAX10m=160,QDMAX10m=0,TA=0.2,QTA=0,HR=78,QHR=0,PREC=0.0,QPREC=0,TPR=-3.3,QTPR=0
08264,HERRERA DEL DUQUE,39.170556,-5.060556,1296604200000,1296604800000,ALT=447.0,TA=0.4,QTA=0,TAMAX10m=0.5,QTAMAX10m=0,TAMIN10m=0.4,QTAMIN10m=0,PREC=0.0,QPREC=0,HR=83,QHR=0,VV10m=0.8,QVV10m=0,DV10m=278,QDV10m=0,VMAX10m=1.3,QVMAX10m=0,DMAX10m=274,QDMAX10m=0,PRES=974.2,QPRES=0,TSS5cm=5.6,QTSS5cm=0,TS=-1.4,QTS=0,INSO=0.0,QINSO=0,VIS=16.0,QVIS=0,TPRE=0,QTPRE=0,PLIQTP=0.0,QPLIQTP=0,PSOLTP=0.0,QPSOLTP=0,BAT=14.0,QBAT=0,TPR=-2.2,QTPR=0,PRES_nmar=1029.7,QPRES_nmar=0
08270,SAN PABLO DE LOS MONTES,39.548611,-4.351944,1296604200000,1296604800000,ALT=917.0,VV10m=0.7,QVV10m=0,DV10m=220,QDV10m=0,RVIENTO=4.0,QRVIENTO=0,VMAX10m=1.6,QVMAX10m=0,DMAX10m=221,QDMAX10m=0,TA=-0.9,QTA=0,HR=71,QHR=0,PREC=0.0,QPREC=0,TPR=-5.4,QTPR=0
08271,PUEBLA DE DON RODRIGO,39.088833,-4.616461,1296604200000,1296604800000,ALT=485.0,VV10m=0.2,QVV10m=0,DV10m=271,QDV10m=0,RVIENTO=1.0,QRVIENTO=0,VMAX10m=1.5,QVMAX10m=0,DMAX10m=269,QDMAX10m=0,TA=0.3,QTA=0,HR=99,QHR=0,PREC=0.0,QPREC=0,PRES=964.1,QPRES=0,TPR=0.2,QTPR=0,PRES_nmar=1023.8,QPRES_nmar=0
08272,TOLEDO,39.884722,-4.049444,1296604200000,1296604800000,ALT=515.0,VV10m=1.6,QVV10m=0,DV10m=296,QDV10m=0,RVIENTO=10.0,QRVIENTO=0,VMAX10m=2.6,QVMAX10m=0,DMAX10m=273,QDMAX10m=0,TA=1.2,QTA=0,HR=73,QHR=0,PREC=0.0,QPREC=0,PRES=966.4,QPRES=0,TPR=-3.0,QTPR=0,PRES_nmar=1030.0,QPRES_nmar=0
08273,MADRIDEJOS,39.466667,-3.530556,1296604200000,1296604800000,ALT=690.0,TA=-1.0,QTA=0,TAMAX10m=-0.9,QTAMAX10m=0,TAMIN10m=-1.0,QTAMIN10m=0,PREC=0.0,QPREC=0,HR=83,QHR=0,VV10m=4.1,QVV10m=0,DV10m=287,QDV10m=0,VMAX10m=5.7,QVMAX10m=0,DMAX10m=294,QDMAX10m=0,PRES=944.2,QPRES=0,TSS5cm=3.2,QTSS5cm=0,TS=-0.5,QTS=0,INSO=0.0,QINSO=0,VIS=20.0,QVIS=0,TPRE=0,QTPRE=0,PLIQTP=0.0,QPLIQTP=0,PSOLTP=0.0,QPSOLTP=0,BAT=14.2,QBAT=0,TPR=-3.6,QTPR=0,PRES_nmar=1028.7,QPRES_nmar=0
08274,TALAVERA DE LA REINA,39.958333,-4.863611,1296604200000,1296604800000,ALT=372.0,TA=-2.0,QTA=0,TAMAX10m=-1.8,QTAMAX10m=0,TAMIN10m=-2.0,QTAMIN10m=0,PREC=0.0,QPREC=0,HR=90,QHR=0,VV10m=1.1,QVV10m=0,DV10m=59,QDV10m=0,VMAX10m=2.0,QVMAX10m=0,DMAX10m=67,QDMAX10m=0,PRES=984.2,QPRES=0,TSS5cm=5.4,QTSS5cm=0,TS=-0.8,QTS=0,INSO=0.0,QINSO=7,VIS=1.9,QVIS=0,TPRE=10,QTPRE=0,PLIQTP=0.0,QPLIQTP=0,PSOLTP=0.0,QPSOLTP=0,BAT=14.1,QBAT=0,TPR=-3.3,QTPR=0,PRES_nmar=1031.1,QPRES_nmar=0
08275,QUINTANAR DE LA ORDEN,39.592222,-3.046111,1296604200000,1296604800000,ALT=691.0,VV10m=0.0,QVV10m=3,DV10m=0,QDV10m=3,RVIENTO=0.0,QRVIENTO=3,VMAX10m=0.1,QVMAX10m=3,DMAX10m=163,QDMAX10m=3,TA=1.3,QTA=3,HR=76,QHR=3,PREC=0.0,QPREC=0,TPR=-2.5,QTPR=0
08277,TARANCON,40.011389,-3.021389,1296604200000,1296604800000,ALT=808.0,TA=-0.3,QTA=0,TAMAX10m=-0.2,QTAMAX10m=0,TAMIN10m=-0.3,QTAMIN10m=0,PREC=0.0,QPREC=0,HR=78,QHR=0,VV10m=1.3,QVV10m=0,DV10m=332,QDV10m=0,VMAX10m=3.2,QVMAX10m=0,DMAX10m=319,QDMAX10m=0,PRES=929.4,QPRES=0,TSS5cm=4.1,QTSS5cm=0,TS=2.6,QTS=0,INSO=0.0,QINSO=0,VIS=20.0,QVIS=0,TPRE=0,QTPRE=0,PLIQTP=0.0,QPLIQTP=0,PSOLTP=0.0,QPSOLTP=0,BAT=14.0,QBAT=0,TPR=-3.6,QTPR=0,GEO925=846.0,QGEO925=0
08278,CHINCHILLA/CENAD,38.9375,-1.6586,1296604200000,1296604800000,ALT=880.0,VV10m=2.4,QVV10m=0,DV10m=328,QDV10m=0,RVIENTO=14.0,QRVIENTO=0,VMAX10m=4.7,QVMAX10m=0,DMAX10m=340,QDMAX10m=0,TA=-1.1,QTA=0,HR=84,QHR=0,PREC=0.0,QPREC=0,PRES=919.7,QPRES=0,TPR=-3.6,QTPR=0,GEO925=834.2,QGEO925=0
08279,ALBACETE OBS.,39.006944,-1.860833,1296604200000,1296604800000,ALT=674.0,VV10m=1.2,QVV10m=0,DV10m=298,QDV10m=0,RVIENTO=7.0,QRVIENTO=0,VMAX10m=3.2,QVMAX10m=0,DMAX10m=285,QDMAX10m=0,TA=1.7,QTA=0,HR=80,QHR=0,PREC=0.0,QPREC=0,PRES=941.3,QPRES=0,TPR=-1.4,QTPR=0,PRES_nmar=1023.3,QPRES_nmar=0
08281,UTIEL LA CUBERA,39.576944,-1.243056,1296604200000,1296604800000,ALT=761.0,TA=1.2,QTA=0,TAMAX10m=1.4,QTAMAX10m=0,TAMIN10m=1.2,QTAMIN10m=0,PREC=0.0,QPREC=0,HR=66,QHR=0,VV10m=5.8,QVV10m=0,DV10m=337,QDV10m=0,VMAX10m=8.2,QVMAX10m=0,DMAX10m=328,QDMAX10m=0,PRES=934.3,QPRES=0,TSS5cm=0.4,QTSS5cm=0,TS=4.2,QTS=0,INSO=0.0,QINSO=0,VIS=20.0,QVIS=0,TPRE=0,QTPRE=0,PLIQTP=0.0,QPLIQTP=0,PSOLTP=0.0,QPSOLTP=0,BAT=14.1,QBAT=0,TPR=-4.5,QTPR=0,GEO925=841.6,QGEO925=0
08282,OLIVA,38.926944,-0.095833,1296604200000,1296604800000,ALT=5.0,VV10m=1.6,QVV10m=0,DV10m=287,QDV10m=0,RVIENTO=9.0,QRVIENTO=0,VMAX10m=2.4,QVMAX10m=0,DMAX10m=287,QDMAX10m=0,TA=5.8,QTA=0,HR=80,QHR=0,PREC=0.0,QPREC=0,TPR=2.7,QTPR=0
08284,VALENCIA/AEROPUERTO,39.487222,-0.473056,1296604200000,1296604800000,ALT=69.0,VV10m=4.3,QVV10m=0,DV10m=300,QDV10m=0,RVIENTO=25.0,QRVIENTO=0,VMAX10m=5.7,QVMAX10m=0,DMAX10m=310,QDMAX10m=0,TA=6.1,QTA=0,HR=48,QHR=0,PREC=0.0,QPREC=0,PRES=1016.4,QPRES=0,RAGLOB=0.0,QRAGLOB=0,TPR=-4.2,QTPR=0,PRES_nmar=1024.1,QPRES_nmar=0
08285,VALENCIA,39.4812,-0.3663,1296604200000,1296604800000,ALT=11.0,VV10m=0.7,QVV10m=0,DV10m=292,QDV10m=0,RVIENTO=5.0,QRVIENTO=0,VMAX10m=1.8,QVMAX10m=0,DMAX10m=301,QDMAX10m=0,TA=6.1,QTA=0,HR=61,QHR=0,PREC=0.0,QPREC=0,TPR=-1.0,QTPR=0
08286,CASTELLÓN,39.95,-0.071389,1296604200000,1296604800000,ALT=35.0,VV10m=4.6,QVV10m=0,DV10m=289,QDV10m=0,RVIENTO=26.0,QRVIENTO=0,VMAX10m=7.7,QVMAX10m=0,DMAX10m=281,QDMAX10m=0,TA=8.3,QTA=0,HR=36,QHR=0,PREC=0.0,QPREC=0,TPR=-6.0,QTPR=0
08287,POLINYA,39.191667,-0.371389,1296604200000,1296604800000,ALT=12.0,VV10m=2.6,QVV10m=0,DV10m=234,QDV10m=0,RVIENTO=14.0,QRVIENTO=0,VMAX10m=3.9,QVMAX10m=0,DMAX10m=230,QDMAX10m=0,TA=6.9,QTA=0,HR=49,QHR=0,PREC=0.0,QPREC=0,TPR=-3.0,QTPR=0
08290,XÁTIVA,38.991667,-0.510278,1296604200000,1296604800000,ALT=88.0,TA=3.6,QTA=0,TAMAX10m=3.7,QTAMAX10m=0,TAMIN10m=3.6,QTAMIN10m=0,PREC=0.0,QPREC=0,HR=79,QHR=0,VV10m=1.2,QVV10m=0,DV10m=248,QDV10m=0,VMAX10m=1.7,QVMAX10m=0,DMAX10m=253,QDMAX10m=0,PRES=1013.2,QPRES=0,TSS5cm=3.9,QTSS5cm=0,TS=8.0,QTS=0,INSO=0.0,QINSO=0,VIS=19.4,QVIS=0,TPRE=0,QTPRE=0,PLIQTP=0.0,QPLIQTP=0,PSOLTP=0.0,QPSOLTP=0,BAT=14.1,QBAT=0,TPR=0.2,QTPR=0,PRES_nmar=1024.2,QPRES_nmar=0
08301,PALMA-PORTOPÍ,39.550278,2.616667,1296604200000,1296604800000,ALT=3.0,VV10m=0.6,QVV10m=0,DV10m=45,QDV10m=0,RVIENTO=5.0,QRVIENTO=0,VMAX10m=2.2,QVMAX10m=0,DMAX10m=86,QDMAX10m=0,TA=8.9,QTA=0,HR=82,QHR=0,PREC=0.0,QPREC=0,TPR=5.9,QTPR=0
08303,SIERRA DE ALFABIA,39.736389,2.714167,1296604200000,1296604800000,ALT=1030.0,VV10m=11.2,QVV10m=0,DV10m=333,QDV10m=0,RVIENTO=62.0,QRVIENTO=0,VMAX10m=14.4,QVMAX10m=0,DMAX10m=335,QDMAX10m=0,TA=2.7,QTA=0,HR=94,QHR=0,PREC=0.0,QPREC=3,TPR=1.9,QTPR=0
08304,LLUC,39.824167,2.885556,1296604200000,1296604800000,ALT=490.0,VV10m=1.5,QVV10m=0,DV10m=151,QDV10m=0,RVIENTO=9.0,QRVIENTO=0,VMAX10m=4.3,QVMAX10m=0,DMAX10m=168,QDMAX10m=0,TA=5.3,QTA=0,HR=87,QHR=0,PREC=0.0,QPREC=0,TPR=3.2,QTPR=0
08306,PALMA DE MALLORCA/SON SANT JOAN,39.560556,2.736667,1296604200000,1296604800000,ALT=8.0,VV10m=0.9,QVV10m=0,DV10m=70,QDV10m=0,RVIENTO=5.0,QRVIENTO=0,VMAX10m=2.1,QVMAX10m=0,DMAX10m=80,QDMAX10m=0,TA=4.0,QTA=0,HR=94,QHR=0,PREC=0.0,QPREC=0,PRES=1021.5,QPRES=0,TPR=3.0,QTPR=0,PRES_nmar=1022.1,QPRES_nmar=0
08309,PORTO COLOM,39.414167,3.271667,1296604200000,1296604800000,ALT=17.0,TA=8.6,QTA=0,TAMAX10m=8.6,QTAMAX10m=0,TAMIN10m=8.6,QTAMIN10m=0,PREC=0.0,QPREC=0,HR=79,QHR=0,VV10m=3.3,QVV10m=0,DV10m=8,QDV10m=0,VMAX10m=5.3,QVMAX10m=0,DMAX10m=23,QDMAX10m=0,PRES=1018.3,QPRES=0,TSS5cm=10.3,QTSS5cm=0,TS=7.3,QTS=0,INSO=0.0,QINSO=0,VIS=12.6,QVIS=0,TPRE=0,QTPRE=0,PLIQTP=0.0,QPLIQTP=0,PSOLTP=0.0,QPSOLTP=0,BAT=14.2,QBAT=0,TPR=5.1,QTPR=0,PRES_nmar=1020.4,QPRES_nmar=0
08310,PORRERES,39.519722,3.023333,1296604200000,1296604800000,ALT=120.0,VV10m=1.0,QVV10m=0,DV10m=307,QDV10m=0,RVIENTO=5.0,QRVIENTO=0,VMAX10m=1.9,QVMAX10m=0,DMAX10m=312,QDMAX10m=0,TA=6.3,QTA=0,HR=71,QHR=0,PREC=0.0,QPREC=0,TPR=1.5,QTPR=0
08311,CAPDEPERA-FAR0,39.716667,3.478056,1296604200000,1296604800000,ALT=57.0,VV10m=12.7,QVV10m=0,DV10m=347,QDV10m=0,RVIENTO=76.0,QRVIENTO=0,VMAX10m=17.1,QVMAX10m=0,DMAX10m=347,QDMAX10m=0,TA=9.6,QTA=0,HR=72,QHR=0,PREC=0.0,QPREC=0,TPR=4.8,QTPR=0
08312,SA POBLA-SA CANOVA,39.746667,3.02,1296604200000,1296604800000,ALT=40.0,TA=7.4,QTA=0,TAMAX10m=7.5,QTAMAX10m=0,TAMIN10m=7.4,QTAMIN10m=0,PREC=0.0,QPREC=0,HR=83,QHR=0,VV10m=1.4,QVV10m=0,DV10m=319,QDV10m=0,VMAX10m=1.9,QVMAX10m=0,DMAX10m=326,QDMAX10m=0,PRES=1017.4,QPRES=0,TSS5cm=9.5,QTSS5cm=0,TS=14.1,QTS=0,INSO=0.0,QINSO=0,VIS=9.3,QVIS=0,TPRE=10,QTPRE=0,PLIQTP=0.0,QPLIQTP=0,PSOLTP=0.0,QPSOLTP=0,BAT=14.2,QBAT=0,TPR=4.6,QTPR=0,PRES_nmar=1022.3,QPRES_nmar=0
08314,MENORCA/MAÓ,39.855278,4.215556,1296604200000,1296604800000,ALT=91.0,VV10m=11.8,QVV10m=0,DV10m=360,QDV10m=0,VMAX10m=19.0,QVMAX10m=0,DMAX10m=350,QDMAX10m=0,TA=8.3,QTA=0,HR=74,QHR=0,PREC=0.0,QPREC=0,PRES=1009.3,QPRES=0,TPR=3.9,QTPR=0,PRES_nmar=1019.8,QPRES_nmar=0
08330,BADAJOZ/TALAVERA LA REAL,38.883333,-6.829167,1296604200000,1296604800000,ALT=185.0,VV10m=2.5,QVV10m=0,DV10m=309,QDV10m=0,RVIENTO=14.0,QRVIENTO=0,VMAX10m=2.9,QVMAX10m=0,DMAX10m=311,QDMAX10m=0,TA=2.4,QTA=0,HR=72,QHR=0,PREC=0.0,QPREC=0,TPR=-2.2,QTPR=0
08331,MÉRIDA,38.923611,-6.384722,1296604200000,1296604800000,ALT=220.0,VV10m=1.3,QVV10m=0,DV10m=231,QDV10m=0,RVIENTO=8.0,QRVIENTO=0,VMAX10m=2.3,QVMAX10m=0,DMAX10m=234,QDMAX10m=0,TA=1.2,QTA=0,HR=91,QHR=0,PREC=0.0,QPREC=0,TPR=0.0,QTPR=0
08333,DON BENITO,38.956944,-5.879167,1296604200000,1296604800000,ALT=273.0,TA=1.6,QTA=0,TAMAX10m=1.7,QTAMAX10m=0,TAMIN10m=1.6,QTAMIN10m=0,PREC=0.0,QPREC=0,HR=83,QHR=0,VV10m=1.3,QVV10m=0,DV10m=230,QDV10m=0,VMAX10m=1.9,QVMAX10m=0,DMAX10m=227,QDMAX10m=0,PRES=995.3,QPRES=0,TSS5cm=2.0,QTSS5cm=0,TS=7.4,QTS=0,INSO=0.0,QINSO=0,VIS=20.0,QVIS=0,TPRE=0,QTPRE=0,PLIQTP=0.0,QPLIQTP=0,PSOLTP=0.0,QPSOLTP=0,BAT=14.2,QBAT=0,TPR=-1.0,QTPR=0,PRES_nmar=1029.5,QPRES_nmar=0
08335,HINOJOSA DEL DUQUE,38.5,-5.129167,1296604200000,1296604800000,ALT=540.0,VV10m=2.1,QVV10m=0,DV10m=274,QDV10m=0,RVIENTO=13.0,QRVIENTO=0,VMAX10m=2.7,QVMAX10m=0,DMAX10m=278,QDMAX10m=0,TA=0.8,QTA=0,HR=86,QHR=0,PREC=0.0,QPREC=0,TPR=-1.2,QTPR=0
08336,LLERENA,38.233056,-6.015556,1296604200000,1296604800000,ALT=655.0,TA=1.4,QTA=0,TAMAX10m=1.5,QTAMAX10m=0,TAMIN10m=1.4,QTAMIN10m=0,PREC=0.0,QPREC=0,HR=72,QHR=0,VV10m=1.2,QVV10m=0,DV10m=325,QDV10m=0,VMAX10m=2.1,QVMAX10m=0,DMAX10m=330,QDMAX10m=0,PRES=950.0,QPRES=0,TSS5cm=3.1,QTSS5cm=0,TS=6.7,QTS=0,INSO=0.0,QINSO=0,VIS=20.0,QVIS=0,TPRE=0,QTPRE=0,PLIQTP=0.0,QPLIQTP=0,PSOLTP=0.0,QPSOLTP=0,BAT=14.2,QBAT=0,TPR=-3.0,QTPR=0,PRES_nmar=1029.9,QPRES_nmar=0
08346,VILLANUEVA DE CÓRDOBA,38.330556,-4.615833,1296604200000,1296604800000,ALT=740.0,TA=1.0,QTA=0,TAMAX10m=1.0,QTAMAX10m=0,TAMIN10m=1.0,QTAMIN10m=0,PREC=0.0,QPREC=0,HR=83,QHR=0,VV10m=2.5,QVV10m=0,DV10m=321,QDV10m=0,VMAX10m=3.6,QVMAX10m=0,DMAX10m=316,QDMAX10m=0,PRES=938.7,QPRES=0,TSS5cm=5.4,QTSS5cm=0,TS=2.0,QTS=0,INSO=0.0,QINSO=0,VIS=20.0,QVIS=0,TPRE=0,QTPRE=0,PLIQTP=0.0,QPLIQTP=0,PSOLTP=0.0,QPSOLTP=0,BAT=14.2,QBAT=0,TPR=-1.4,QTPR=0,PRES_nmar=1028.3,QPRES_nmar=0
08347,ANDÚJAR,38.024167,-4.0625,1296604200000,1296604800000,ALT=193.0,VV10m=0.2,QVV10m=0,DV10m=278,QDV10m=0,RVIENTO=1.0,QRVIENTO=0,VMAX10m=0.9,QVMAX10m=0,DMAX10m=287,QDMAX10m=0,TA=1.5,QTA=0,HR=97,QHR=0,PREC=0.0,QPREC=0,PRES=1003.2,QPRES=0,TPR=1.1,QTPR=0,PRES_nmar=1027.5,QPRES_nmar=0
08348,CIUDAD REAL,38.989444,-3.919722,1296604200000,1296604800000,ALT=628.0,VV10m=1.2,QVV10m=0,DV10m=240,QDV10m=0,RVIENTO=7.0,QRVIENTO=0,VMAX10m=1.9,QVMAX10m=0,DMAX10m=215,QDMAX10m=0,TA=2.7,QTA=0,HR=78,QHR=0,PREC=0.0,QPREC=0,PRES=952.7,QPRES=0,TPR=-0.7,QTPR=0,PRES_nmar=1029.1,QPRES_nmar=0
08350,SANTA ELENA,38.341667,-3.538056,1296604200000,1296604800000,ALT=742.0,TA=2.0,QTA=0,TAMAX10m=2.5,QTAMAX10m=0,TAMIN10m=2.0,QTAMIN10m=0,PREC=0.0,QPREC=0,HR=68,QHR=0,VV10m=1.6,QVV10m=0,DV10m=349,QDV10m=0,VMAX10m=3.3,QVMAX10m=0,DMAX10m=12,QDMAX10m=0,PRES=935.4,QPRES=0,TSS5cm=3.9,QTSS5cm=0,TS=0.8,QTS=0,INSO=0.0,QINSO=0,VIS=20.0,QVIS=0,TPRE=0,QTPRE=0,PLIQTP=0.0,QPLIQTP=0,PSOLTP=0.0,QPSOLTP=0,BAT=13.8,QBAT=0,TPR=-3.3,QTPR=0,PRES_nmar=1024.7,QPRES_nmar=0
08352,ARROYO DEL OJANCO,38.315556,-2.89,1296604200000,1296604800000,ALT=580.0,VV10m=0.6,QVV10m=0,DV10m=64,QDV10m=0,RVIENTO=5.0,QRVIENTO=0,VMAX10m=1.9,QVMAX10m=0,DMAX10m=336,QDMAX10m=0,TA=1.2,QTA=0,HR=79,QHR=0,PREC=0.0,QPREC=0,PRES=949.3,QPRES=0,TPR=-2.0,QTPR=0,PRES_nmar=1019.7,QPRES_nmar=0
08353,CAZORLA,37.9173,-3.0025,1296604200000,1296604800000,ALT=799.0,VV10m=0.3,QVV10m=0,DV10m=16,QDV10m=0,RVIENTO=2.0,QRVIENTO=3,VMAX10m=2.7,QVMAX10m=0,DMAX10m=18,QDMAX10m=0,TA=2.1,QTA=0,HR=72,QHR=0,PREC=0.0,QPREC=0,PRES=936.6,QPRES=0,TPR=-2.5,QTPR=0,GEO925=899.7,QGEO925=0
08355,HELLÍN,38.508611,-1.705,1296604200000,1296604800000,ALT=520.0,VV10m=1.4,QVV10m=0,DV10m=329,QDV10m=0,RVIENTO=12.0,QRVIENTO=0,VMAX10m=5.8,QVMAX10m=0,DMAX10m=293,QDMAX10m=0,TA=3.9,QTA=0,HR=65,QHR=0,PREC=0.0,QPREC=0,PRES=950.8,QPRES=0,TPR=-2.2,QTPR=0,PRES_nmar=1013.2,QPRES_nmar=0
08356,YECLA,38.601667,-1.159444,1296604200000,1296604800000,ALT=640.0,TA=4.2,QTA=0,TAMAX10m=4.4,QTAMAX10m=0,TAMIN10m=4.2,QTAMIN10m=0,PREC=0.0,QPREC=0,HR=59,QHR=0,VV10m=1.1,QVV10m=0,DV10m=168,QDV10m=0,VMAX10m=4.9,QVMAX10m=0,DMAX10m=31,QDMAX10m=0,PRES=948.1,QPRES=0,TSS5cm=6.0,QTSS5cm=0,TS=3.6,QTS=0,INSO=0.0,QINSO=0,VIS=20.0,QVIS=0,TPRE=0,QTPRE=0,PLIQTP=0.0,QPLIQTP=0,PSOLTP=0.0,QPSOLTP=0,BAT=14.0,QBAT=0,TPR=-3.0,QTPR=0,PRES_nmar=1025.1,QPRES_nmar=0
08357,PINOSO,38.4047,-1.0372,1296604200000,1296604800000,ALT=575.0,VV10m=0.1,QVV10m=0,DV10m=235,QDV10m=0,RVIENTO=1.0,QRVIENTO=0,VMAX10m=2.0,QVMAX10m=0,DMAX10m=229,QDMAX10m=0,TA=4.7,QTA=0,HR=69,QHR=0,PREC=0.0,QPREC=0,TPR=-0.5,QTPR=0
08359,ALICANTE,38.366667,-0.494444,1296604200000,1296604800000,ALT=81.0,VV10m=0.3,QVV10m=0,DV10m=276,QDV10m=0,RVIENTO=2.0,QRVIENTO=0,VMAX10m=1.2,QVMAX10m=0,DMAX10m=268,QDMAX10m=0,TA=5.7,QTA=0,HR=64,QHR=0,PREC=0.0,QPREC=0,TPR=-0.5,QTPR=0
08360,ALICANTE/EL ALTET,38.283056,-0.570556,1296604200000,1296604800000,ALT=43.0,VV10m=3.5,QVV10m=0,DV10m=300,QDV10m=0,RVIENTO=21.0,QRVIENTO=0,VMAX10m=6.2,QVMAX10m=0,DMAX10m=290,QDMAX10m=0,TA=8.7,QTA=0,HR=50,QHR=0,PREC=0.0,QPREC=0,PRES=1019.3,QPRES=0,RAGLOB=0.0,QRAGLOB=0,TPR=-1.2,QTPR=0,PRES_nmar=1023.1,QPRES_nmar=0
08363,CIEZA PARQUE DE BOMBEROS,38.235556,-1.382778,1296604200000,1296604800000,ALT=265.0,VV10m=3.8,QVV10m=0,DV10m=295,QDV10m=0,RVIENTO=21.0,QRVIENTO=0,VMAX10m=5.6,QVMAX10m=0,DMAX10m=300,QDMAX10m=0,TA=6.4,QTA=0,HR=57,QHR=0,PREC=0.0,QPREC=0,TPR=-1.4,QTPR=0
08365,CARAVACA FUENTES DEL MARQUÉS,38.101944,-1.876667,1296604200000,1296604800000,ALT=643.0,TA=3.8,QTA=0,TAMAX10m=3.8,QTAMAX10m=0,TAMIN10m=3.7,QTAMIN10m=0,PREC=0.0,QPREC=0,HR=62,QHR=0,VV10m=2.2,QVV10m=0,DV10m=239,QDV10m=0,VMAX10m=4.1,QVMAX10m=0,DMAX10m=266,QDMAX10m=0,PRES=948.1,QPRES=0,TSS5cm=5.5,QTSS5cm=0,TS=2.5,QTS=0,INSO=0.0,QINSO=0,VIS=20.0,QVIS=0,TPRE=0,QTPRE=0,PLIQTP=0.0,QPLIQTP=0,PSOLTP=0.0,QPSOLTP=0,BAT=14.2,QBAT=0,TPR=-2.7,QTPR=0,PRES_nmar=1025.6,QPRES_nmar=0
08370,JÁVEA AYUNTAMIENTO,38.784167,0.166944,1296604200000,1296604800000,ALT=15.0,TA=4.5,QTA=0,TAMAX10m=5.2,QTAMAX10m=0,TAMIN10m=4.5,QTAMIN10m=0,PREC=0.0,QPREC=0,HR=72,QHR=0,PRES=1022.2,QPRES=0,TSS5cm=7.7,QTSS5cm=0,TS=3.8,QTS=0,INSO=0.0,QINSO=0,VIS=20.0,QVIS=0,TPRE=0,QTPRE=0,PLIQTP=0.0,QPLIQTP=0,PSOLTP=0.0,QPSOLTP=0,BAT=14.2,QBAT=0,TPR=0.0,QTPR=0,PRES_nmar=1024.1,QPRES_nmar=0
08373,IBIZA/ES CODOLA,38.876944,1.384444,1296604200000,1296604800000,ALT=6.0,VV10m=3.8,QVV10m=0,DV10m=340,QDV10m=0,RVIENTO=23.0,QRVIENTO=0,VMAX10m=5.7,QVMAX10m=0,DMAX10m=320,QDMAX10m=0,TA=8.1,QTA=0,HR=77,QHR=0,PREC=0.0,QPREC=0,PRES=1020.8,QPRES=0,RAGLOB=6.0,QRAGLOB=0,TPR=4.3,QTPR=0,PRES_nmar=1022.9,QPRES_nmar=0
08380,ALAJAR CABEZO MOLINOS,37.869722,-6.673333,1296604200000,1296604800000,ALT=574.0,TA=4.7,QTA=0,TAMAX10m=4.8,QTAMAX10m=0,TAMIN10m=4.6,QTAMIN10m=0,PREC=0.0,QPREC=0,HR=57,QHR=0,VV10m=7.5,QVV10m=0,DV10m=19,QDV10m=0,VMAX10m=13.2,QVMAX10m=0,DMAX10m=18,QDMAX10m=0,PRES=958.9,QPRES=0,TSS5cm=6.1,QTSS5cm=0,TS=3.8,QTS=0,INSO=0.0,QINSO=0,VIS=20.0,QVIS=0,TPRE=0,QTPRE=0,PLIQTP=0.0,QPLIQTP=0,PSOLTP=0.0,QPSOLTP=0,BAT=12.7,QBAT=0,TPR=-3.0,QTPR=0,PRES_nmar=1028.4,QPRES_nmar=0
08381,AYAMONTE ISLA CANELA,37.1964,-7.3941,1296604200000,1296604800000,ALT=2.0,VV10m=1.2,QVV10m=0,DV10m=332,QDV10m=0,RVIENTO=7.0,QRVIENTO=0,VMAX10m=2.9,QVMAX10m=0,DMAX10m=326,QDMAX10m=0,TA=6.0,QTA=0,HR=74,QHR=0,PREC=0.0,QPREC=0,PRES=1028.4,QPRES=0,TPR=1.7,QTPR=0,PRES_nmar=1028.7,QPRES_nmar=0
08383,HUELVA,37.28,-6.909722,1296604200000,1296604800000,ALT=19.0,VV10m=1.3,QVV10m=0,DV10m=358,QDV10m=0,RVIENTO=8.0,QRVIENTO=0,VMAX10m=2.6,QVMAX10m=0,DMAX10m=351,QDMAX10m=0,TA=5.1,QTA=0,HR=72,QHR=0,PREC=0.0,QPREC=0,PRES=1026.3,QPRES=0,TPR=0.4,QTPR=0,PRES_nmar=1028.8,QPRES_nmar=0
08384,EL ARENOSILLO,37.102778,-6.736111,1296604200000,1296604800000,ALT=41.0,VV10m=2.3,QVV10m=0,DV10m=11,QDV10m=0,RVIENTO=16.0,QRVIENTO=0,VMAX10m=3.9,QVMAX10m=0,DMAX10m=3,QDMAX10m=0,TA=5.0,QTA=0,HR=79,QHR=0,PREC=0.0,QPREC=0,TPR=1.7,QTPR=0
08389,SEVILLA CMT,37.401111,-6.009722,1296604200000,1296604800000,ALT=11.0,VV10m=0.0,QVV10m=3,DV10m=0,QDV10m=3,RVIENTO=0.0,QRVIENTO=0,VMAX10m=0.0,QVMAX10m=3,DMAX10m=0,QDMAX10m=3,TA=5.8,QTA=0,HR=60,QHR=0,PREC=0.0,QPREC=3,TPR=-1.4,QTPR=0
08391,SEVILLA/SAN PABLO,37.416746,-5.879253,1296604200000,1296604800000,ALT=34.0,VV10m=0.2,QVV10m=0,DV10m=140,QDV10m=0,RVIENTO=1.0,QRVIENTO=0,VMAX10m=1.0,QVMAX10m=0,DMAX10m=130,QDMAX10m=0,TA=4.2,QTA=0,HR=82,QHR=0,PREC=0.0,QPREC=0,PRES=1024.5,QPRES=0,TPR=1.5,QTPR=0,PRES_nmar=1028.4,QPRES_nmar=0
08392,CAZALLA DE LA SIERRA,37.928333,-5.766667,1296604200000,1296604800000,ALT=550.0,VV10m=0.1,QVV10m=0,DV10m=318,QDV10m=0,RVIENTO=1.0,QRVIENTO=0,VMAX10m=2.2,QVMAX10m=0,DMAX10m=327,QDMAX10m=0,TA=2.3,QTA=0,HR=78,QHR=0,PREC=0.0,QPREC=0,PRES=961.9,QPRES=0,TPR=-1.2,QTPR=0,PRES_nmar=1029.2,QPRES_nmar=0
08395,ECIJA,37.516944,-5.083333,1296604200000,1296604800000,ALT=130.0,VV10m=1.9,QVV10m=0,DV10m=304,QDV10m=0,RVIENTO=11.0,QRVIENTO=0,VMAX10m=2.3,QVMAX10m=0,DMAX10m=302,QDMAX10m=0,TA=3.3,QTA=0,HR=83,QHR=0,PREC=0.0,QPREC=0,PRES=1013.1,QPRES=0,TPR=0.6,QTPR=0,PRES_nmar=1029.4,QPRES_nmar=0
08397,MORÓN DE LA FRONTERA,37.158333,-5.615833,1296604200000,1296604800000,ALT=87.0,VV10m=1.2,QVV10m=0,DV10m=145,QDV10m=0,RVIENTO=6.0,QRVIENTO=0,VMAX10m=1.9,QVMAX10m=0,DMAX10m=147,QDMAX10m=0,TA=2.7,QTA=0,HR=94,QHR=0,PREC=0.0,QPREC=0,PRES=1016.9,QPRES=0,TPR=1.9,QTPR=0,PRES_nmar=1028.0,QPRES_nmar=0
08399,RODA DE ANDALUCÍA,37.195556,-4.768056,1296604200000,1296604800000,ALT=410.0,TA=-0.4,QTA=0,TAMAX10m=-0.4,QTAMAX10m=0,TAMIN10m=-0.6,QTAMIN10m=0,PREC=0.0,QPREC=0,HR=94,QHR=0,VV10m=1.0,QVV10m=0,DV10m=202,QDV10m=0,VMAX10m=2.1,QVMAX10m=0,DMAX10m=217,QDMAX10m=0,PRES=977.3,QPRES=0,TSS5cm=6.6,QTSS5cm=0,TS=0.1,QTS=0,INSO=0.0,QINSO=0,VIS=6.2,QVIS=0,TPRE=10,QTPRE=0,PLIQTP=0.0,QPLIQTP=0,PSOLTP=0.0,QPSOLTP=0,BAT=14.2,QBAT=0,TPR=-1.2,QTPR=0,PRES_nmar=1028.4,QPRES_nmar=0
08410,CÓRDOBA/AEROPUERTO,37.844167,-4.846111,1296604200000,1296604800000,ALT=90.0,VV10m=0.3,QVV10m=0,DV10m=170,QDV10m=0,RVIENTO=1.0,QRVIENTO=0,VMAX10m=0.5,QVMAX10m=0,DMAX10m=190,QDMAX10m=0,TA=3.3,QTA=0,HR=89,QHR=0,PREC=0.0,QPREC=0,PRES=1016.8,QPRES=0,TPR=1.7,QTPR=0,PRES_nmar=1028.4,QPRES_nmar=0
08412,DOÑA MENCIA,37.557778,-4.354167,1296604200000,1296604800000,ALT=650.0,VV10m=0.8,QVV10m=0,DV10m=91,QDV10m=0,RVIENTO=5.0,QRVIENTO=0,VMAX10m=2.1,QVMAX10m=0,DMAX10m=92,QDMAX10m=0,TA=3.9,QTA=0,HR=65,QHR=0,PREC=0.0,QPREC=0,TPR=-2.2,QTPR=0
08413,ANTEQUERA-BOBADILLA,37.03116,-4.753707,1296604200000,1296604800000,ALT=400.0,VV10m=0.4,QVV10m=0,DV10m=300,QDV10m=0,RVIENTO=4.0,QRVIENTO=0,VMAX10m=1.6,QVMAX10m=0,DMAX10m=291,QDMAX10m=0,TA=1.4,QTA=0,HR=80,QHR=0,PREC=0.0,QPREC=3,TPR=-1.7,QTPR=0
08414,LOJA,37.163889,-4.170556,1296604200000,1296604800000,ALT=580.0,VV10m=0.2,QVV10m=0,DV10m=237,QDV10m=0,RVIENTO=2.0,QRVIENTO=0,VMAX10m=1.1,QVMAX10m=0,DMAX10m=231,QDMAX10m=0,TA=0.3,QTA=0,HR=74,QHR=0,PREC=0.0,QPREC=0,PRES=956.1,QPRES=0,TPR=-3.9,QTPR=0,PRES_nmar=1027.3,QPRES_nmar=0
08417,JAÉN,37.777778,-3.8075,1296604200000,1296604800000,ALT=582.0,VV10m=1.9,QVV10m=0,DV10m=224,QDV10m=0,RVIENTO=11.0,QRVIENTO=0,VMAX10m=2.6,QVMAX10m=0,DMAX10m=224,QDMAX10m=0,TA=4.4,QTA=0,HR=63,QHR=0,PREC=0.0,QPREC=0,PRES=957.6,QPRES=0,TPR=-2.0,QTPR=0,PRES_nmar=1027.8,QPRES_nmar=0
08419,GRANADA/AEROPUERTO,37.190235,-3.789536,1296604200000,1296604800000,ALT=567.0,VV10m=0.8,QVV10m=0,DV10m=170,QDV10m=0,RVIENTO=4.0,QRVIENTO=0,VMAX10m=1.5,QVMAX10m=0,DMAX10m=150,QDMAX10m=0,TA=2.3,QTA=0,HR=84,QHR=0,PREC=0.0,QPREC=0,PRES=958.9,QPRES=0,RAGLOB=0.0,QRAGLOB=0,TPR=0.0,QTPR=0,PRES_nmar=1028.5,QPRES_nmar=0
08424,BAZA CRUZ ROJA,37.5075,-2.733333,1296604200000,1296604800000,ALT=801.0,TA=2.7,QTA=0,TAMAX10m=2.7,QTAMAX10m=0,TAMIN10m=2.6,QTAMIN10m=0,PREC=0.0,QPREC=0,HR=73,QHR=0,VV10m=3.5,QVV10m=0,DV10m=293,QDV10m=0,VMAX10m=5.7,QVMAX10m=0,DMAX10m=281,QDMAX10m=0,PRES=932.9,QPRES=0,TSS5cm=5.5,QTSS5cm=0,TS=2.0,QTS=0,INSO=0.0,QINSO=0,VIS=13.7,QVIS=0,TPRE=0,QTPRE=0,PLIQTP=0.0,QPLIQTP=0,PSOLTP=0.0,QPSOLTP=0,BAT=14.2,QBAT=0,TPR=-1.7,QTPR=0,GEO925=869.9,QGEO925=0
08426,LORCA,37.653333,-1.689444,1296604200000,1296604800000,ALT=320.0,VV10m=0.7,QVV10m=0,DV10m=260,QDV10m=0,RVIENTO=5.0,QRVIENTO=0,VMAX10m=2.0,QVMAX10m=0,DMAX10m=286,QDMAX10m=0,TA=5.1,QTA=0,HR=70,QHR=0,PREC=0.0,QPREC=0,TPR=0.0,QTPR=0
08427,ABLA,37.141667,-2.781111,1296604200000,1296604800000,ALT=885.0,VV10m=0.9,QVV10m=0,DV10m=314,QDV10m=0,RVIENTO=9.0,QRVIENTO=0,VMAX10m=3.0,QVMAX10m=0,DMAX10m=325,QDMAX10m=0,TA=2.6,QTA=0,HR=71,QHR=0,PREC=0.0,QPREC=0,PRES=915.7,QPRES=0,TPR=-2.2,QTPR=0,GEO925=803.3,QGEO925=0
08428,HUERCAL OVERA,37.3934,-1.9466,1296604200000,1296604800000,ALT=295.0,VV10m=1.3,QVV10m=0,DV10m=257,QDV10m=0,RVIENTO=8.0,QRVIENTO=0,VMAX10m=2.7,QVMAX10m=0,DMAX10m=299,QDMAX10m=0,TA=5.8,QTA=0,HR=63,QHR=0,PREC=0.0,QPREC=0,PRES=988.8,QPRES=0,TPR=-0.7,QTPR=0,PRES_nmar=1025.0,QPRES_nmar=0
08430,MURCIA,38.002778,-1.169444,1296604200000,1296604800000,ALT=61.0,VV10m=1.6,QVV10m=0,DV10m=189,QDV10m=0,RVIENTO=9.0,QRVIENTO=0,VMAX10m=2.4,QVMAX10m=0,DMAX10m=188,QDMAX10m=0,TA=5.8,QTA=0,HR=61,QHR=0,PREC=0.0,QPREC=0,TPR=-1.2,QTPR=0
08432,ÁGUILAS,37.416944,-1.586667,1296604200000,1296604800000,ALT=32.0,TA=8.1,QTA=0,TAMAX10m=8.2,QTAMAX10m=0,TAMIN10m=8.0,QTAMIN10m=0,PREC=0.0,QPREC=0,HR=57,QHR=0,VV10m=1.5,QVV10m=0,DV10m=221,QDV10m=0,VMAX10m=3.4,QVMAX10m=0,DMAX10m=230,QDMAX10m=0,PRES=1020.0,QPRES=0,TSS5cm=10.4,QTSS5cm=0,TS=4.8,QTS=0,INSO=0.0,QINSO=0,VIS=20.0,QVIS=0,TPRE=0,QTPRE=0,PLIQTP=0.0,QPLIQTP=0,PSOLTP=0.0,QPSOLTP=0,BAT=14.2,QBAT=0,TPR=0.0,QTPR=0,PRES_nmar=1024.0,QPRES_nmar=0
08433,MURCIA/SAN JAVIER,37.789745,-0.803262,1296604200000,1296604800000,ALT=4.0,VV10m=2.0,QVV10m=0,DV10m=210,QDV10m=0,RVIENTO=11.0,QRVIENTO=0,VMAX10m=3.1,QVMAX10m=0,DMAX10m=220,QDMAX10m=0,TA=4.9,QTA=0,HR=67,QHR=0,PREC=0.0,QPREC=0,PRES=1023.2,QPRES=0,RAGLOB=12.0,QRAGLOB=0,TPR=-0.7,QTPR=0,PRES_nmar=1023.6,QPRES_nmar=0
08434,CARTAGENA,37.601944,-0.986667,1296604200000,1296604800000,ALT=17.0,VV10m=1.1,QVV10m=0,DV10m=350,QDV10m=0,RVIENTO=8.0,QRVIENTO=0,VMAX10m=2.9,QVMAX10m=0,DMAX10m=299,QDMAX10m=0,TA=10.4,QTA=0,HR=60,QHR=0,PREC=0.0,QPREC=0,TPR=3.0,QTPR=0
08443,RONDA,36.752778,-5.169444,1296604200000,1296604800000,ALT=765.0,VV10m=0.2,QVV10m=0,DV10m=85,QDV10m=0,RVIENTO=2.0,QRVIENTO=0,VMAX10m=1.2,QVMAX10m=0,DMAX10m=97,QDMAX10m=0,TA=1.4,QTA=0,HR=78,QHR=0,PREC=0.0,QPREC=0,PRES=936.0,QPRES=0,TPR=-2.0,QTPR=0,GEO925=860.3,QGEO925=0
08451,JEREZ DE LA FRONTERA/AEROPUERTO,36.750556,-6.055556,1296604200000,1296604800000,ALT=27.0,VV10m=3.2,QVV10m=0,DV10m=360,QDV10m=0,RVIENTO=19.0,QRVIENTO=0,VMAX10m=4.1,QVMAX10m=0,DMAX10m=360,QDMAX10m=0,TA=4.6,QTA=0,HR=88,QHR=0,PREC=0.0,QPREC=0,PRES=1025.1,QPRES=0,RAGLOB=18.0,QRAGLOB=0,TPR=2.9,QTPR=0,PRES_nmar=1028.6,QPRES_nmar=0
08453,SAN FERNANDO,36.465556,-6.205556,1296604200000,1296604800000,ALT=28.0,VV10m=2.0,QVV10m=0,DV10m=26,QDV10m=0,RVIENTO=12.0,QRVIENTO=0,VMAX10m=4.5,QVMAX10m=0,DMAX10m=30,QDMAX10m=0,TA=8.2,QTA=0,HR=71,QHR=0,PREC=0.0,QPREC=0,PRES=1024.6,QPRES=0,TPR=3.2,QTPR=0,PRES_nmar=1028.3,QPRES_nmar=0
08455,GRAZALEMA,36.761667,-5.369444,1296604200000,1296604800000,ALT=900.0,VV10m=1.9,QVV10m=0,DV10m=257,QDV10m=0,RVIENTO=10.0,QRVIENTO=0,VMAX10m=2.7,QVMAX10m=0,DMAX10m=263,QDMAX10m=0,TA=-0.7,QTA=0,HR=90,QHR=0,PREC=0.0,QPREC=0,PRES=920.0,QPRES=0,TPR=-2.2,QTPR=0,GEO925=856.7,QGEO925=0
08457,VEJER DE LA FRONTERA,36.248056,-5.967222,1296604200000,1296604800000,ALT=160.0,VV10m=1.1,QVV10m=0,DV10m=23,QDV10m=0,RVIENTO=8.0,QRVIENTO=0,VMAX10m=3.5,QVMAX10m=0,DMAX10m=279,QDMAX10m=0,TA=8.2,QTA=0,HR=50,QHR=0,PREC=0.0,QPREC=0,TPR=-1.7,QTPR=0
08458,TARIFA,36.015278,-5.5975,1296604200000,1296604800000,ALT=32.0,VV10m=3.0,QVV10m=0,DV10m=50,QDV10m=0,RVIENTO=16.0,QRVIENTO=0,VMAX10m=3.8,QVMAX10m=0,DMAX10m=51,QDMAX10m=0,TA=4.5,QTA=0,HR=81,QHR=0,PREC=0.0,QPREC=0,TPR=1.5,QTPR=0
08463,ESTEPONA,36.416667,-5.154722,1296604200000,1296604800000,ALT=15.0,TA=9.4,QTA=0,TAMAX10m=9.4,QTAMAX10m=0,TAMIN10m=9.3,QTAMIN10m=0,PREC=0.0,QPREC=0,HR=62,QHR=0,VV10m=1.2,QVV10m=0,DV10m=346,QDV10m=0,VMAX10m=2.0,QVMAX10m=0,DMAX10m=23,QDMAX10m=0,PRES=1025.3,QPRES=0,TSS5cm=11.8,QTSS5cm=0,TS=8.6,QTS=0,INSO=0.0,QINSO=0,VIS=20.0,QVIS=0,TPRE=0,QTPRE=0,PLIQTP=0.0,QPLIQTP=0,PSOLTP=0.0,QPSOLTP=0,BAT=14.0,QBAT=0,TPR=2.5,QTPR=0,PRES_nmar=1027.2,QPRES_nmar=0
08479,MÁLAGA PUERTO,36.717778,-4.418333,1296604200000,1296604800000,ALT=20.0,VV10m=2.6,QVV10m=0,DV10m=275,QDV10m=0,RVIENTO=14.0,QRVIENTO=0,VMAX10m=4.7,QVMAX10m=0,DMAX10m=276,QDMAX10m=0,TA=10.3,QTA=0,HR=55,QHR=0,PREC=0.0,QPREC=0,PRES=1025.6,QPRES=0,TPR=1.7,QTPR=0,PRES_nmar=1028.1,QPRES_nmar=0
08480,FUENGIROLA,36.540278,-4.616944,1296604200000,1296604800000,ALT=3.0,VV10m=1.3,QVV10m=0,DV10m=1,QDV10m=0,RVIENTO=9.0,QRVIENTO=0,VMAX10m=3.8,QVMAX10m=0,DMAX10m=16,QDMAX10m=0,TA=11.3,QTA=0,HR=53,QHR=0,PREC=0.0,QPREC=0,PRES=1019.3,QPRES=0,TPR=2.1,QTPR=0,PRES_nmar=1020.4,QPRES_nmar=0
08481,MÁLAGA CMT,36.719167,-4.480278,1296604200000,1296604800000,ALT=60.0,VV10m=3.3,QVV10m=0,DV10m=278,QDV10m=0,RVIENTO=19.0,QRVIENTO=0,VMAX10m=5.7,QVMAX10m=0,DMAX10m=284,QDMAX10m=0,TA=8.3,QTA=0,HR=59,QHR=0,PREC=0.0,QPREC=0,PRES=1021.5,QPRES=0,TPR=0.9,QTPR=0,PRES_nmar=1028.9,QPRES_nmar=0
08484,TORROX FARO,36.730556,-3.9575,1296604200000,1296604800000,ALT=5.0,VV10m=1.9,QVV10m=0,DV10m=306,QDV10m=0,RVIENTO=11.0,QRVIENTO=0,VMAX10m=3.7,QVMAX10m=0,DMAX10m=305,QDMAX10m=0,TA=9.2,QTA=3,HR=82,QHR=0,PREC=0.0,QPREC=0,TPR=6.2,QTPR=0
08485,MOTRIL CLUB NAÚTICO,36.724167,-3.530278,1296604200000,1296604800000,ALT=3.0,VV10m=1.8,QVV10m=0,DV10m=346,QDV10m=0,RVIENTO=11.0,QRVIENTO=0,VMAX10m=3.9,QVMAX10m=0,DMAX10m=354,QDMAX10m=0,TA=9.5,QTA=0,HR=57,QHR=0,PREC=0.0,QPREC=0,TPR=1.5,QTPR=0
08486,ADRA CLUB NAÚTICO,36.748929,-3.019447,1296604200000,1296604800000,ALT=8.0,VV10m=1.5,QVV10m=0,DV10m=26,QDV10m=0,RVIENTO=9.0,QRVIENTO=0,VMAX10m=3.8,QVMAX10m=0,DMAX10m=34,QDMAX10m=0,TA=10.0,QTA=0,HR=68,QHR=0,PREC=0.0,QPREC=0,PRES=1026.8,QPRES=0,TPR=4.3,QTPR=0,PRES_nmar=1027.8,QPRES_nmar=0
08487,ALMERÍA/AEROPUERTO,36.846911,-2.356989,1296604200000,1296604800000,ALT=21.0,VV10m=3.7,QVV10m=0,DV10m=310,QDV10m=0,RVIENTO=22.0,QRVIENTO=0,VMAX10m=4.6,QVMAX10m=0,DMAX10m=320,QDMAX10m=0,TA=8.2,QTA=0,HR=17,QHR=0,PREC=0.0,QPREC=0,PRES=1022.5,QPRES=0,RAGLOB=0.0,QRAGLOB=0,TPR=-15.8,QTPR=0,PRES_nmar=1025.1,QPRES_nmar=0
08488,CARBONERAS C.TÉRM.,36.967222,-1.904444,1296604200000,1296604800000,ALT=40.0,TA=8.5,QTA=0,TAMAX10m=8.5,QTAMAX10m=0,TAMIN10m=8.4,QTAMIN10m=0,PREC=0.0,QPREC=0,HR=58,QHR=0,VV10m=2.4,QVV10m=0,DV10m=256,QDV10m=0,VMAX10m=3.5,QVMAX10m=0,DMAX10m=259,QDMAX10m=0,PRES=1019.5,QPRES=0,TSS5cm=11.3,QTSS5cm=0,TS=6.0,QTS=0,INSO=0.0,QINSO=0,VIS=20.0,QVIS=0,TPRE=0,QTPRE=0,PLIQTP=0.0,QPLIQTP=0,PSOLTP=0.0,QPSOLTP=0,BAT=14.2,QBAT=0,TPR=0.6,QTPR=0,PRES_nmar=1024.4,QPRES_nmar=0
08490,ALBORÁN-ISLA,35.938889,-3.035556,1296604200000,1296604800000,ALT=15.0,VV10m=9.4,QVV10m=0,DV10m=284,QDV10m=0,RVIENTO=56.0,QRVIENTO=0,VMAX10m=11.5,QVMAX10m=0,DMAX10m=290,QDMAX10m=0,TA=12.5,QTA=0,HR=61,QHR=0,PREC=0.0,QPREC=0,PRES=1022.6,QPRES=0,TPR=5.1,QTPR=0,PRES_nmar=1024.4,QPRES_nmar=0
08492,ROQUETAS DE MAR-FARO SABINAR,36.686667,-2.701667,1296604200000,1296604800000,ALT=7.0,TA=6.5,QTA=0,TAMAX10m=6.7,QTAMAX10m=0,TAMIN10m=6.5,QTAMIN10m=0,PREC=0.0,QPREC=0,HR=75,QHR=0,VV10m=2.8,QVV10m=0,DV10m=315,QDV10m=0,VMAX10m=3.8,QVMAX10m=0,DMAX10m=311,QDMAX10m=0,PRES=1024.4,QPRES=0,TSS5cm=13.2,QTSS5cm=0,TS=7.8,QTS=0,INSO=0.0,QINSO=0,VIS=20.0,QVIS=0,TPRE=0,QTPRE=0,PLIQTP=0.0,QPLIQTP=0,PSOLTP=0.0,QPSOLTP=0,BAT=14.2,QBAT=0,TPR=2.5,QTPR=0,PRES_nmar=1025.3,QPRES_nmar=0
60001,EL HIERRO/AEROPUERTO,27.818889,-17.888889,1296604200000,1296604800000,ALT=32.0,VV10m=13.1,QVV10m=0,DV10m=20,QDV10m=0,RVIENTO=78.0,QRVIENTO=0,VMAX10m=16.0,QVMAX10m=0,DMAX10m=20,QDMAX10m=0,TA=18.1,QTA=0,HR=68,QHR=0,PREC=0.0,QPREC=0,PRES=1023.1,QPRES=0,TPR=12.1,QTPR=0,PRES_nmar=1026.9,QPRES_nmar=0
60004,TAZACORTE,28.5939,-17.9167,1296604200000,1296604800000,ALT=30.0,VV10m=1.9,QVV10m=0,DV10m=9,QDV10m=0,RVIENTO=12.0,QRVIENTO=0,VMAX10m=6.6,QVMAX10m=0,DMAX10m=37,QDMAX10m=0,TA=16.8,QTA=0,HR=41,QHR=0,PREC=0.0,QPREC=0,TPR=3.4,QTPR=0
60005,LA PALMA/AEROPUERTO,28.633407,-17.755691,1296604200000,1296604800000,ALT=33.0,VV10m=8.8,QVV10m=0,DV10m=10,QDV10m=0,RVIENTO=52.0,QRVIENTO=0,VMAX10m=11.8,QVMAX10m=0,DMAX10m=10,QDMAX10m=0,TA=17.8,QTA=0,HR=62,QHR=0,PREC=0.0,QPREC=0,PRES=1024.5,QPRES=0,TPR=10.4,QTPR=0,PRES_nmar=1028.2,QPRES_nmar=0
60008,SAN SEBASTIÁN DE LA GOMERA,28.089444,-17.111389,1296604200000,1296604800000,ALT=15.0,VV10m=3.9,QVV10m=0,DV10m=351,QDV10m=0,RVIENTO=29.0,QRVIENTO=0,VMAX10m=11.7,QVMAX10m=0,DMAX10m=139,QDMAX10m=0,TA=17.4,QTA=0,HR=66,QHR=0,PREC=0.0,QPREC=0,TPR=11.0,QTPR=0
60010,IZAÑA,28.308889,-16.499444,1296604200000,1296604800000,ALT=2371.0,VV10m=0.0,QVV10m=0,DV10m=0,QDV10m=0,RVIENTO=1.0,QRVIENTO=0,VMAX10m=0.5,QVMAX10m=0,DMAX10m=315,QDMAX10m=0,TA=-0.3,QTA=0,HR=99,QHR=0,PREC=0.0,QPREC=0,PRES=770.1,QPRES=0,TPR=-0.5,QTPR=0,GEO700=3139.5,QGEO700=0
60012,PUERTO DE LA CRUZ,28.418056,-16.548333,1296604200000,1296604800000,ALT=25.0,VV10m=8.7,QVV10m=0,DV10m=78,QDV10m=0,RVIENTO=51.0,QRVIENTO=0,VMAX10m=12.5,QVMAX10m=0,DMAX10m=95,QDMAX10m=0,TA=17.4,QTA=0,HR=78,QHR=0,PREC=0.0,QPREC=0,TPR=13.6,QTPR=0
60015,TENERIFE/LOS RODEOS,28.477222,-16.329167,1296604200000,1296604800000,ALT=632.0,VV10m=4.6,QVV10m=0,DV10m=360,QDV10m=0,RVIENTO=27.0,QRVIENTO=0,VMAX10m=8.2,QVMAX10m=0,DMAX10m=350,QDMAX10m=0,TA=11.2,QTA=0,HR=82,QHR=0,PREC=0.0,QPREC=0,PRES=955.3,QPRES=0,RAGLOB=3.4,QRAGLOB=0,TPR=8.3,QTPR=0,PRES_nmar=1028.0,QPRES_nmar=0
60020,STA.CRUZ DE TENERIFE,28.463056,-16.255278,1296604200000,1296604800000,ALT=35.0,VV10m=1.9,QVV10m=0,DV10m=15,QDV10m=0,RVIENTO=15.0,QRVIENTO=0,VMAX10m=8.5,QVMAX10m=0,DMAX10m=346,QDMAX10m=0,TA=16.9,QTA=0,HR=53,QHR=0,PREC=0.0,QPREC=0,TPR=7.3,QTPR=0
60025,TENERIFE/SUR,28.047222,-16.560556,1296604200000,1296604800000,ALT=64.0,VV10m=7.6,QVV10m=0,DV10m=40,QDV10m=0,RVIENTO=45.0,QRVIENTO=0,VMAX10m=10.8,QVMAX10m=0,DMAX10m=30,QDMAX10m=0,TA=16.6,QTA=0,HR=56,QHR=0,PREC=0.0,QPREC=0,PRES=1016.7,QPRES=0,RAGLOB=12.0,QRAGLOB=0,TPR=7.8,QTPR=0,PRES_nmar=1025.9,QPRES_nmar=0
60027,LA ALDEA DE SAN NICOLAS,28.000833,-15.807222,1296604200000,1296604800000,ALT=13.0,TA=16.7,QTA=0,TAMAX10m=16.8,QTAMAX10m=0,TAMIN10m=16.7,QTAMIN10m=0,PREC=0.0,QPREC=0,HR=68,QHR=0,VV10m=8.9,QVV10m=0,DV10m=104,QDV10m=0,VMAX10m=17.5,QVMAX10m=0,DMAX10m=98,QDMAX10m=0,PRES=1023.7,QPRES=0,TSS5cm=17.6,QTSS5cm=0,TS=16.6,QTS=0,INSO=0.0,QINSO=0,VIS=16.3,QVIS=0,TPRE=61,QTPRE=0,PLIQTP=0.0,QPLIQTP=0,PSOLTP=0.0,QPSOLTP=0,BAT=12.6,QBAT=0,TPR=10.8,QTPR=0,PRES_nmar=1025.3,QPRES_nmar=0
60029,LAS PALMAS G.C. SAN CRISTÓBAL,28.095,-15.414167,1296604200000,1296604800000,ALT=55.0,VV10m=5.3,QVV10m=0,DV10m=25,QDV10m=0,RVIENTO=31.0,QRVIENTO=0,VMAX10m=10.3,QVMAX10m=0,DMAX10m=16,QDMAX10m=0,TA=17.8,QTA=0,HR=63,QHR=0,PREC=0.1,QPREC=0,TPR=10.6,QTPR=0
60030,LAS PALMAS DE GRAN CANARIA/GANDO,27.922778,-15.39,1296604200000,1296604800000,ALT=24.0,VV10m=11.6,QVV10m=0,DV10m=30,QDV10m=0,RVIENTO=69.0,QRVIENTO=0,VMAX10m=14.4,QVMAX10m=0,DMAX10m=30,QDMAX10m=0,TA=17.4,QTA=0,HR=65,QHR=0,PREC=0.0,QPREC=0,PRES=1019.1,QPRES=0,RAGLOB=0.0,QRAGLOB=0,TPR=10.8,QTPR=0,PRES_nmar=1024.7,QPRES_nmar=0
60035,FUERTEVENTURA/AEROPUERTO,28.445,-13.863333,1296604200000,1296604800000,ALT=25.0,VV10m=11.4,QVV10m=0,DV10m=40,QDV10m=0,RVIENTO=68.0,QRVIENTO=0,VMAX10m=15.4,QVMAX10m=0,DMAX10m=50,QDMAX10m=0,TA=17.3,QTA=0,HR=56,QHR=0,PREC=0.0,QPREC=3,PRES=1021.8,QPRES=0,RAGLOB=0.0,QRAGLOB=0,TPR=8.4,QTPR=0,PRES_nmar=1025.4,QPRES_nmar=0
60036,PUERTO DE MOGÁN,27.8167,-15.7645,1296604200000,1296604800000,ALT=10.0,VV10m=0.3,QVV10m=0,DV10m=350,QDV10m=0,RVIENTO=2.0,QRVIENTO=0,VMAX10m=1.4,QVMAX10m=0,DMAX10m=1,QDMAX10m=0,TA=18.4,QTA=0,HR=43,QHR=0,PREC=0.0,QPREC=0,TPR=5.6,QTPR=0
60037,MASPALOMAS,27.733333,-15.597222,1296604200000,1296604800000,ALT=25.0,VV10m=7.7,QVV10m=0,DV10m=55,QDV10m=0,RVIENTO=43.0,QRVIENTO=0,VMAX10m=11.0,QVMAX10m=0,DMAX10m=55,QDMAX10m=0,TA=16.6,QTA=0,HR=51,QHR=0,PREC=0.0,QPREC=0,TPR=6.4,QTPR=0
60040,LANZAROTE/AEROPUERTO,28.951944,-13.600278,1296604200000,1296604800000,ALT=14.0,VV10m=3.9,QVV10m=0,DV10m=360,QDV10m=0,RVIENTO=23.0,QRVIENTO=0,VMAX10m=5.7,QVMAX10m=0,DMAX10m=10,QDMAX10m=0,TA=15.8,QTA=0,HR=62,QHR=0,PREC=0.0,QPREC=0,PRES=1023.4,QPRES=0,RAGLOB=0.0,QRAGLOB=0,TPR=8.5,QTPR=0,PRES_nmar=1025.9,QPRES_nmar=0
60045,TEGUISE LA GRACIOSA-HELIPUERTO,29.229167,-13.510278,1296604200000,1296604800000,ALT=19.0,TA=15.9,QTA=0,TAMAX10m=16.2,QTAMAX10m=0,TAMIN10m=15.9,QTAMIN10m=0,PREC=0.0,QPREC=0,HR=60,QHR=0,VV10m=8.9,QVV10m=0,DV10m=41,QDV10m=0,VMAX10m=12.3,QVMAX10m=0,DMAX10m=48,QDMAX10m=0,PRES=1023.2,QPRES=0,TSS5cm=15.2,QTSS5cm=0,TS=17.0,QTS=0,INSO=0.0,QINSO=0,VIS=20.0,QVIS=0,TPRE=0,QTPRE=0,PLIQTP=0.0,QPLIQTP=0,PSOLTP=0.0,QPSOLTP=0,BAT=12.5,QBAT=0,TPR=8.1,QTPR=0,PRES_nmar=1025.5,QPRES_nmar=0
60320,CEUTA,35.89,-5.345833,1296604200000,1296604800000,ALT=87.0,VV10m=1.7,QVV10m=0,DV10m=268,QDV10m=0,RVIENTO=10.0,QRVIENTO=0,VMAX10m=2.7,QVMAX10m=0,DMAX10m=260,QDMAX10m=0,TA=8.6,QTA=0,HR=66,QHR=0,PREC=0.0,QPREC=0,PRES=1016.5,QPRES=0,TPR=2.7,QTPR=0,PRES_nmar=1027.4,QPRES_nmar=0
60338,MELILLA,35.277778,-2.955278,1296604200000,1296604800000,ALT=47.0,VV10m=4.0,QVV10m=0,DV10m=254,QDV10m=0,RVIENTO=24.0,QRVIENTO=0,VMAX10m=5.1,QVMAX10m=0,DMAX10m=250,QDMAX10m=0,TA=8.9,QTA=0,HR=69,QHR=0,PREC=0.0,QPREC=0,TPR=3.6,QTPR=0
